timestamp,relative_sec,sensor,ch1_name,ch1_val,ch2_name,ch2_val,ch3_name,ch3_val,raw_line
1786012389.3849025,0.010,ECG_DIAG,halves,2,total_samples,1500,overruns,0,[ECG] halves=2  total_samples=1500  overruns=0
1786012389.3933187,0.019,PPG,RED,0,IR,0,samples,0,[PPG] samples=0  RED=0  IR=0  sensor=OK
1786012389.4012883,0.027,IMU_ACCEL,ax,-4876,ay,-2572,az,14296,[IMU] accel: ax=-4876  ay=-2572  az=14296
1786012389.404246,0.029,IMU_GYRO,gx,-29,gy,-25,gz,-159,[IMU] gyro:  gx=-29  gy=-25  gz=-159
1786012389.5271223,0.152,ECG_RAW,raw,75,,,,,[ECG] raw=75
1786012389.5301898,0.155,ECG_RAW,raw,599,,,,,[ECG] raw=599
1786012389.549315,0.175,ECG_RAW,raw,2753,,,,,[ECG] raw=2753
1786012389.549315,0.175,ECG_RAW,raw,3527,,,,,[ECG] raw=3527
1786012389.549315,0.175,ECG_RAW,raw,2371,,,,,[ECG] raw=2371
1786012389.550316,0.176,ECG_RAW,raw,193,,,,,[ECG] raw=193
1786012389.552317,0.178,ECG_RAW,raw,391,,,,,[ECG] raw=391
1786012389.5585415,0.184,ECG_RAW,raw,3146,,,,,[ECG] raw=3146
1786012389.5624635,0.188,ECG_RAW,raw,2504,,,,,[ECG] raw=2504
1786012389.5727775,0.198,ECG_RAW,raw,2525,,,,,[ECG] raw=2525
1786012389.578019,0.203,ECG_RAW,raw,453,,,,,[ECG] raw=453
1786012389.5805295,0.206,ECG_RAW,raw,11,,,,,[ECG] raw=11
1786012389.5922658,0.218,ECG_RAW,raw,2416,,,,,[ECG] raw=2416
1786012389.6004682,0.226,ECG_RAW,raw,3635,,,,,[ECG] raw=3635
1786012389.6004682,0.226,ECG_RAW,raw,3182,,,,,[ECG] raw=3182
1786012389.6108027,0.236,ECG_RAW,raw,823,,,,,[ECG] raw=823
1786012389.6210544,0.246,ECG_RAW,raw,4,,,,,[ECG] raw=4
1786012389.6210544,0.246,ECG_RAW,raw,2198,,,,,[ECG] raw=2198
1786012389.6285613,0.254,ECG_RAW,raw,3950,,,,,[ECG] raw=3950
1786012389.6306324,0.256,ECG_RAW,raw,3635,,,,,[ECG] raw=3635
1786012389.6402059,0.265,ECG_RAW,raw,1224,,,,,[ECG] raw=1224
1786012389.641131,0.266,ECG_RAW,raw,5,,,,,[ECG] raw=5
1786012389.6486795,0.274,ECG_RAW,raw,1960,,,,,[ECG] raw=1960
1786012389.6506739,0.276,ECG_RAW,raw,3560,,,,,[ECG] raw=3560
1786012389.6601481,0.285,ECG_RAW,raw,3584,,,,,[ECG] raw=3584
1786012389.6621442,0.287,ECG_RAW,raw,1538,,,,,[ECG] raw=1538
1786012389.6685965,0.294,ECG_RAW,raw,3,,,,,[ECG] raw=3
1786012389.6705716,0.296,ECG_RAW,raw,1330,,,,,[ECG] raw=1330
1786012389.6807828,0.306,ECG_RAW,raw,3303,,,,,[ECG] raw=3303
1786012389.68811,0.313,ECG_RAW,raw,3847,,,,,[ECG] raw=3847
1786012389.6901984,0.315,ECG_RAW,raw,1901,,,,,[ECG] raw=1901
1786012389.7000809,0.325,ECG_RAW,raw,3,,,,,[ECG] raw=3
1786012389.708412,0.334,ECG_RAW,raw,1050,,,,,[ECG] raw=1050
1786012389.7103355,0.336,ECG_RAW,raw,3146,,,,,[ECG] raw=3146
1786012389.7204278,0.346,ECG_RAW,raw,3976,,,,,[ECG] raw=3976
1786012389.7284281,0.354,ECG_RAW,raw,2348,,,,,[ECG] raw=2348
1786012389.73043,0.356,ECG_RAW,raw,99,,,,,[ECG] raw=99
1786012389.736765,0.362,ECG_RAW,raw,652,,,,,[ECG] raw=652
1786012389.740766,0.366,ECG_RAW,raw,2930,,,,,[ECG] raw=2930
1786012389.748404,0.374,ECG_RAW,raw,3978,,,,,[ECG] raw=3978
1786012389.75048,0.376,ECG_RAW,raw,3265,,,,,[ECG] raw=3265
1786012389.7567775,0.382,ECG_RAW,raw,3,,,,,[ECG] raw=3
1786012389.7602944,0.386,ECG_RAW,raw,298,,,,,[ECG] raw=298
1786012389.7689319,0.394,ECG_RAW,raw,2850,,,,,[ECG] raw=2850
1786012389.7709236,0.396,ECG_RAW,raw,3962,,,,,[ECG] raw=3962
1786012389.7763834,0.402,ECG_RAW,raw,3205,,,,,[ECG] raw=3205
1786012389.7787552,0.404,ECG_RAW,raw,640,,,,,[ECG] raw=640
1786012389.7887485,0.414,ECG_RAW,raw,316,,,,,[ECG] raw=316
1786012389.7968378,0.422,ECG_RAW,raw,2749,,,,,[ECG] raw=2749
1786012389.798818,0.424,ECG_RAW,raw,3959,,,,,[ECG] raw=3959
1786012389.8087265,0.434,ECG_RAW,raw,3673,,,,,[ECG] raw=3673
1786012389.8173301,0.443,ECG_RAW,raw,1261,,,,,[ECG] raw=1261
1786012389.8189335,0.444,ECG_RAW,raw,329,,,,,[ECG] raw=329
1786012389.828605,0.454,ECG_RAW,raw,2573,,,,,[ECG] raw=2573
1786012389.8370275,0.462,ECG_RAW,raw,3904,,,,,[ECG] raw=3904
1786012389.839029,0.464,ECG_RAW,raw,3816,,,,,[ECG] raw=3816
1786012389.845027,0.470,ECG_RAW,raw,1297,,,,,[ECG] raw=1297
1786012389.8491573,0.474,ECG_RAW,raw,6,,,,,[ECG] raw=6
1786012389.859018,0.484,ECG_RAW,raw,1821,,,,,[ECG] raw=1821
1786012389.859018,0.484,ECG_RAW,raw,3671,,,,,[ECG] raw=3671
1786012389.8669238,0.492,ECG_RAW,raw,3698,,,,,[ECG] raw=3698
1786012389.8690405,0.494,ECG_RAW,raw,1590,,,,,[ECG] raw=1590
1786012389.8775947,0.503,ECG_RAW,raw,4,,,,,[ECG] raw=4
1786012389.8786597,0.504,ECG_RAW,raw,1544,,,,,[ECG] raw=1544
1786012389.88644,0.512,ECG_RAW,raw,3489,,,,,[ECG] raw=3489
1786012389.8890362,0.514,ECG_RAW,raw,3963,,,,,[ECG] raw=3963
1786012389.8991046,0.524,ECG_RAW,raw,2128,,,,,[ECG] raw=2128
1786012389.9071145,0.532,ECG_RAW,raw,68,,,,,[ECG] raw=68
1786012389.9090922,0.534,ECG_RAW,raw,1005,,,,,[ECG] raw=1005
1786012389.9185858,0.544,ECG_RAW,raw,3298,,,,,[ECG] raw=3298
1786012389.9269753,0.552,ECG_RAW,raw,3794,,,,,[ECG] raw=3794
1786012389.9290385,0.554,ECG_RAW,raw,2390,,,,,[ECG] raw=2390
1786012389.9364703,0.562,ECG_RAW,raw,415,,,,,[ECG] raw=415
1786012389.9476554,0.573,ECG_RAW,raw,822,,,,,[ECG] raw=822
1786012389.9479706,0.573,ECG_RAW,raw,2403,,,,,[ECG] raw=2403
1786012389.9551096,0.580,ECG_RAW,raw,3980,,,,,[ECG] raw=3980
1786012389.9569154,0.582,ECG_RAW,raw,2790,,,,,[ECG] raw=2790
1786012389.9668543,0.592,ECG_RAW,raw,454,,,,,[ECG] raw=454
1786012389.9688785,0.594,ECG_RAW,raw,507,,,,,[ECG] raw=507
1786012389.974985,0.600,ECG_RAW,raw,2952,,,,,[ECG] raw=2952
1786012389.9775891,0.603,ECG_RAW,raw,3971,,,,,[ECG] raw=3971
1786012389.9864092,0.612,ECG_RAW,raw,3161,,,,,[ECG] raw=3161
1786012389.988558,0.614,ECG_RAW,raw,739,,,,,[ECG] raw=739
1786012389.9944234,0.620,ECG_RAW,raw,442,,,,,[ECG] raw=442
1786012389.9969594,0.622,ECG_RAW,raw,2612,,,,,[ECG] raw=2612
1786012390.0067594,0.632,ECG_RAW,raw,3963,,,,,[ECG] raw=3963
1786012390.0149832,0.640,ECG_RAW,raw,3425,,,,,[ECG] raw=3425
1786012390.0160267,0.641,ECG_RAW,raw,949,,,,,[ECG] raw=949
1786012390.0271106,0.652,ECG_RAW,raw,3,,,,,[ECG] raw=3
1786012390.0352993,0.661,ECG_RAW,raw,2184,,,,,[ECG] raw=2184
1786012390.0367382,0.662,ECG_RAW,raw,3729,,,,,[ECG] raw=3729
1786012390.0459378,0.671,ECG_RAW,raw,3487,,,,,[ECG] raw=3487
1786012390.0547938,0.680,ECG_RAW,raw,1188,,,,,[ECG] raw=1188
1786012390.055832,0.681,ECG_RAW,raw,4,,,,,[ECG] raw=4
1786012390.0626802,0.688,ECG_RAW,raw,1747,,,,,[ECG] raw=1747
1786012390.0668929,0.692,ECG_RAW,raw,3674,,,,,[ECG] raw=3674
1786012390.0750306,0.700,ECG_RAW,raw,3699,,,,,[ECG] raw=3699
1786012390.077031,0.702,ECG_RAW,raw,1690,,,,,[ECG] raw=1690
1786012390.0825567,0.708,ECG_RAW,raw,4,,,,,[ECG] raw=4
1786012390.0865507,0.712,ECG_RAW,raw,1511,,,,,[ECG] raw=1511
1786012390.094651,0.720,ECG_RAW,raw,3432,,,,,[ECG] raw=3432
1786012390.096816,0.722,ECG_RAW,raw,3684,,,,,[ECG] raw=3684
1786012390.1026936,0.728,ECG_RAW,raw,1952,,,,,[ECG] raw=1952
1786012390.10469,0.730,ECG_RAW,raw,2,,,,,[ECG] raw=2
1786012390.1148179,0.740,ECG_RAW,raw,1262,,,,,[ECG] raw=1262
1786012390.122843,0.748,ECG_RAW,raw,2949,,,,,[ECG] raw=2949
1786012390.12482,0.750,ECG_RAW,raw,3060,,,,,[ECG] raw=3060
1786012390.1345038,0.760,ECG_RAW,raw,2566,,,,,[ECG] raw=2566
1786012390.1428552,0.768,ECG_RAW,raw,129,,,,,[ECG] raw=129
1786012390.1448572,0.770,ECG_RAW,raw,708,,,,,[ECG] raw=708
1786012390.1542623,0.779,ECG_RAW,raw,2989,,,,,[ECG] raw=2989
1786012390.1648207,0.790,ECG_RAW,raw,3976,,,,,[ECG] raw=3976
1786012390.1655881,0.791,ECG_RAW,raw,3014,,,,,[ECG] raw=3014
1786012390.1725433,0.798,ECG_RAW,raw,449,,,,,[ECG] raw=449
1786012390.174496,0.800,ECG_RAW,raw,550,,,,,[ECG] raw=550
1786012390.184693,0.810,ECG_RAW,raw,2977,,,,,[ECG] raw=2977
1786012390.184693,0.810,ECG_RAW,raw,3971,,,,,[ECG] raw=3971
1786012390.1928527,0.818,ECG_RAW,raw,3386,,,,,[ECG] raw=3386
1786012390.1948447,0.820,ECG_RAW,raw,832,,,,,[ECG] raw=832
1786012390.2050083,0.830,ECG_RAW,raw,117,,,,,[ECG] raw=117
1786012390.2050083,0.830,ECG_RAW,raw,2337,,,,,[ECG] raw=2337
1786012390.2127938,0.838,ECG_RAW,raw,3667,,,,,[ECG] raw=3667
1786012390.2148948,0.840,ECG_RAW,raw,3310,,,,,[ECG] raw=3310
1786012390.2250392,0.850,ECG_RAW,raw,872,,,,,[ECG] raw=872
1786012390.2331269,0.858,ECG_RAW,raw,5,,,,,[ECG] raw=5
1786012390.2350893,0.860,ECG_RAW,raw,1890,,,,,[ECG] raw=1890
1786012390.245262,0.870,ECG_RAW,raw,3660,,,,,[ECG] raw=3660
1786012390.252932,0.878,ECG_RAW,raw,3432,,,,,[ECG] raw=3432
1786012391.3999364,2.025,ECG_DIAG,halves,3,total_samples,2000,overruns,0,[ECG] halves=3  total_samples=2000  overruns=0
1786012391.4065647,2.032,PPG,RED,0,IR,0,samples,0,[PPG] samples=0  RED=0  IR=0  sensor=OK
1786012391.4143538,2.040,IMU_ACCEL,ax,-5096,ay,-2844,az,14728,[IMU] accel: ax=-5096  ay=-2844  az=14728
1786012391.4180982,2.043,IMU_GYRO,gx,1275,gy,2503,gz,-1207,[IMU] gyro:  gx=1275  gy=2503  gz=-1207
1786012391.5868158,2.212,ECG_RAW,raw,1337,,,,,[ECG] raw=1337
1786012391.589109,2.214,ECG_RAW,raw,2,,,,,[ECG] raw=2
1786012391.5990925,2.224,ECG_RAW,raw,1540,,,,,[ECG] raw=1540
1786012391.5996132,2.225,ECG_RAW,raw,3570,,,,,[ECG] raw=3570
1786012391.6068947,2.232,ECG_RAW,raw,3620,,,,,[ECG] raw=3620
1786012391.6090941,2.234,ECG_RAW,raw,1691,,,,,[ECG] raw=1691
1786012391.6186154,2.244,ECG_RAW,raw,4,,,,,[ECG] raw=4
1786012391.6186154,2.244,ECG_RAW,raw,1207,,,,,[ECG] raw=1207
1786012391.627191,2.252,ECG_RAW,raw,3551,,,,,[ECG] raw=3551
1786012391.6290452,2.254,ECG_RAW,raw,2864,,,,,[ECG] raw=2864
1786012391.638982,2.264,ECG_RAW,raw,1956,,,,,[ECG] raw=1956
1786012391.646964,2.272,ECG_RAW,raw,100,,,,,[ECG] raw=100
1786012391.6489854,2.274,ECG_RAW,raw,801,,,,,[ECG] raw=801
1786012391.6590462,2.284,ECG_RAW,raw,3035,,,,,[ECG] raw=3035
1786012391.6669552,2.292,ECG_RAW,raw,3961,,,,,[ECG] raw=3961
1786012391.6690137,2.294,ECG_RAW,raw,2641,,,,,[ECG] raw=2641
1786012391.674977,2.300,ECG_RAW,raw,346,,,,,[ECG] raw=346
1786012391.678507,2.304,ECG_RAW,raw,620,,,,,[ECG] raw=620
1786012391.6870735,2.312,ECG_RAW,raw,3005,,,,,[ECG] raw=3005
1786012391.6890938,2.314,ECG_RAW,raw,3942,,,,,[ECG] raw=3942
1786012391.6950731,2.320,ECG_RAW,raw,3137,,,,,[ECG] raw=3137
1786012391.697151,2.322,ECG_RAW,raw,698,,,,,[ECG] raw=698
1786012391.70723,2.332,ECG_RAW,raw,396,,,,,[ECG] raw=396
1786012391.7084806,2.334,ECG_RAW,raw,2540,,,,,[ECG] raw=2540
1786012391.7141843,2.339,ECG_RAW,raw,3726,,,,,[ECG] raw=3726
1786012391.7172375,2.342,ECG_RAW,raw,3151,,,,,[ECG] raw=3151
1786012391.7272446,2.352,ECG_RAW,raw,756,,,,,[ECG] raw=756
1786012391.729252,2.354,ECG_RAW,raw,11,,,,,[ECG] raw=11
1786012391.7351143,2.360,ECG_RAW,raw,2180,,,,,[ECG] raw=2180
1786012391.736878,2.362,ECG_RAW,raw,3652,,,,,[ECG] raw=3652
1786012391.7473967,2.373,ECG_RAW,raw,3353,,,,,[ECG] raw=3353
1786012391.7551184,2.380,ECG_RAW,raw,1090,,,,,[ECG] raw=1090
1786012391.7573683,2.383,ECG_RAW,raw,11,,,,,[ECG] raw=11
1786012391.767628,2.393,ECG_RAW,raw,1941,,,,,[ECG] raw=1941
1786012391.774879,2.400,ECG_RAW,raw,3712,,,,,[ECG] raw=3712
1786012391.7769587,2.402,ECG_RAW,raw,3581,,,,,[ECG] raw=3581
1786012391.782588,2.408,ECG_RAW,raw,1421,,,,,[ECG] raw=1421
1786012391.7870579,2.412,ECG_RAW,raw,5,,,,,[ECG] raw=5
1786012391.7945719,2.420,ECG_RAW,raw,1580,,,,,[ECG] raw=1580
1786012391.7974408,2.423,ECG_RAW,raw,3802,,,,,[ECG] raw=3802
1786012391.8032396,2.428,ECG_RAW,raw,2933,,,,,[ECG] raw=2933
1786012391.8069763,2.432,ECG_RAW,raw,1716,,,,,[ECG] raw=1716
1786012391.8155031,2.441,ECG_RAW,raw,3,,,,,[ECG] raw=3
1786012391.8175352,2.443,ECG_RAW,raw,1111,,,,,[ECG] raw=1111
1786012391.8231747,2.448,ECG_RAW,raw,3400,,,,,[ECG] raw=3400
1786012391.8271406,2.452,ECG_RAW,raw,3950,,,,,[ECG] raw=3950
1786012391.8370233,2.462,ECG_RAW,raw,2389,,,,,[ECG] raw=2389
1786012391.8370233,2.462,ECG_RAW,raw,135,,,,,[ECG] raw=135
1786012391.8432806,2.469,ECG_RAW,raw,940,,,,,[ECG] raw=940
1786012391.8465776,2.472,ECG_RAW,raw,3337,,,,,[ECG] raw=3337
1786012391.85626,2.481,ECG_RAW,raw,3981,,,,,[ECG] raw=3981
1786012391.8651123,2.490,ECG_RAW,raw,2865,,,,,[ECG] raw=2865
1786012391.8651123,2.490,ECG_RAW,raw,389,,,,,[ECG] raw=389
1786012391.8754504,2.501,ECG_RAW,raw,585,,,,,[ECG] raw=585
1786012391.8850708,2.510,ECG_RAW,raw,2914,,,,,[ECG] raw=2914
1786012391.8850708,2.510,ECG_RAW,raw,3941,,,,,[ECG] raw=3941
1786012391.892988,2.518,ECG_RAW,raw,2889,,,,,[ECG] raw=2889
1786012391.8948278,2.520,ECG_RAW,raw,517,,,,,[ECG] raw=517
1786012391.9050705,2.530,ECG_RAW,raw,56,,,,,[ECG] raw=56
1786012391.9050705,2.530,ECG_RAW,raw,2497,,,,,[ECG] raw=2497
1786012391.9130855,2.538,ECG_RAW,raw,3914,,,,,[ECG] raw=3914
1786012391.9150615,2.540,ECG_RAW,raw,3207,,,,,[ECG] raw=3207
1786012391.9245636,2.550,ECG_RAW,raw,763,,,,,[ECG] raw=763
1786012391.9245636,2.550,ECG_RAW,raw,4,,,,,[ECG] raw=4
1786012391.9330893,2.558,ECG_RAW,raw,2426,,,,,[ECG] raw=2426
1786012391.9350832,2.560,ECG_RAW,raw,3785,,,,,[ECG] raw=3785
1786012391.9451056,2.570,ECG_RAW,raw,3548,,,,,[ECG] raw=3548
1786012391.9470408,2.572,ECG_RAW,raw,1097,,,,,[ECG] raw=1097
1786012391.9531002,2.578,ECG_RAW,raw,11,,,,,[ECG] raw=11
1786012391.9551022,2.580,ECG_RAW,raw,1968,,,,,[ECG] raw=1968
1786012391.965103,2.590,ECG_RAW,raw,3903,,,,,[ECG] raw=3903
1786012391.97318,2.598,ECG_RAW,raw,2898,,,,,[ECG] raw=2898
1786012391.9752395,2.600,ECG_RAW,raw,1477,,,,,[ECG] raw=1477
1786012391.9853075,2.611,ECG_RAW,raw,5,,,,,[ECG] raw=5
1786012391.992934,2.618,ECG_RAW,raw,1488,,,,,[ECG] raw=1488
1786012391.9950676,2.620,ECG_RAW,raw,3603,,,,,[ECG] raw=3603
1786012392.0010967,2.626,ECG_RAW,raw,3936,,,,,[ECG] raw=3936
1786012392.0043318,2.630,ECG_RAW,raw,2065,,,,,[ECG] raw=2065
1786012392.0134935,2.639,ECG_RAW,raw,13,,,,,[ECG] raw=13
1786012392.014609,2.640,ECG_RAW,raw,1209,,,,,[ECG] raw=1209
1786012392.020584,2.646,ECG_RAW,raw,3509,,,,,[ECG] raw=3509
1786012392.024485,2.650,ECG_RAW,raw,3984,,,,,[ECG] raw=3984
1786012392.0325098,2.658,ECG_RAW,raw,2561,,,,,[ECG] raw=2561
1786012392.0347412,2.660,ECG_RAW,raw,252,,,,,[ECG] raw=252
1786012392.040818,2.666,ECG_RAW,raw,853,,,,,[ECG] raw=853
1786012392.0429094,2.668,ECG_RAW,raw,3112,,,,,[ECG] raw=3112
1786012392.0530853,2.678,ECG_RAW,raw,3949,,,,,[ECG] raw=3949
1786012392.0550725,2.680,ECG_RAW,raw,2620,,,,,[ECG] raw=2620
1786012392.061413,2.687,ECG_RAW,raw,261,,,,,[ECG] raw=261
1786012392.0634408,2.689,ECG_RAW,raw,286,,,,,[ECG] raw=286
1786012392.0730839,2.698,ECG_RAW,raw,2731,,,,,[ECG] raw=2731
1786012392.0818713,2.707,ECG_RAW,raw,3890,,,,,[ECG] raw=3890
1786012392.0828917,2.708,ECG_RAW,raw,3086,,,,,[ECG] raw=3086
1786012392.093098,2.718,ECG_RAW,raw,501,,,,,[ECG] raw=501
1786012392.101156,2.726,ECG_RAW,raw,6,,,,,[ECG] raw=6
1786012392.1030514,2.728,ECG_RAW,raw,2601,,,,,[ECG] raw=2601
1786012392.1094923,2.735,ECG_RAW,raw,3925,,,,,[ECG] raw=3925
1786012392.113498,2.739,ECG_RAW,raw,3233,,,,,[ECG] raw=3233
1786012392.1210492,2.746,ECG_RAW,raw,785,,,,,[ECG] raw=785
1786012392.122818,2.748,ECG_RAW,raw,3,,,,,[ECG] raw=3
1786012392.1308994,2.756,ECG_RAW,raw,2159,,,,,[ECG] raw=2159
1786012392.1330543,2.758,ECG_RAW,raw,3945,,,,,[ECG] raw=3945
1786012392.1430793,2.768,ECG_RAW,raw,3400,,,,,[ECG] raw=3400
1786012392.1430793,2.768,ECG_RAW,raw,574,,,,,[ECG] raw=574
1786012392.1493878,2.775,ECG_RAW,raw,3,,,,,[ECG] raw=3
1786012392.1524973,2.778,ECG_RAW,raw,1815,,,,,[ECG] raw=1815
1786012392.162282,2.788,ECG_RAW,raw,3680,,,,,[ECG] raw=3680
1786012392.1632075,2.788,ECG_RAW,raw,3827,,,,,[ECG] raw=3827
1786012392.171077,2.796,ECG_RAW,raw,1684,,,,,[ECG] raw=1684
1786012392.1732252,2.798,ECG_RAW,raw,5,,,,,[ECG] raw=5
1786012392.1833518,2.809,ECG_RAW,raw,1587,,,,,[ECG] raw=1587
1786012392.1915112,2.817,ECG_RAW,raw,3667,,,,,[ECG] raw=3667
1786012392.1925051,2.818,ECG_RAW,raw,3984,,,,,[ECG] raw=3984
1786012392.2030492,2.828,ECG_RAW,raw,2257,,,,,[ECG] raw=2257
1786012392.2109773,2.836,ECG_RAW,raw,53,,,,,[ECG] raw=53
1786012392.2129788,2.838,ECG_RAW,raw,1238,,,,,[ECG] raw=1238
1786012392.2194796,2.845,ECG_RAW,raw,3426,,,,,[ECG] raw=3426
1786012392.221483,2.847,ECG_RAW,raw,3903,,,,,[ECG] raw=3903
1786012392.2311237,2.856,ECG_RAW,raw,2326,,,,,[ECG] raw=2326
1786012392.233027,2.858,ECG_RAW,raw,123,,,,,[ECG] raw=123
1786012392.239205,2.864,ECG_RAW,raw,516,,,,,[ECG] raw=516
1786012392.2411168,2.866,ECG_RAW,raw,2961,,,,,[ECG] raw=2961
1786012392.251105,2.876,ECG_RAW,raw,3836,,,,,[ECG] raw=3836
1786012392.253083,2.878,ECG_RAW,raw,2535,,,,,[ECG] raw=2535
1786012392.259058,2.884,ECG_RAW,raw,200,,,,,[ECG] raw=200
1786012392.261094,2.886,ECG_RAW,raw,190,,,,,[ECG] raw=190
1786012392.2707472,2.896,ECG_RAW,raw,2701,,,,,[ECG] raw=2701
1786012392.2717462,2.897,ECG_RAW,raw,3949,,,,,[ECG] raw=3949
1786012393.454134,4.079,ECG_DIAG,halves,4,total_samples,2500,overruns,0,[ECG] halves=4  total_samples=2500  overruns=0
1786012393.4907873,4.116,PPG,RED,0,IR,0,samples,0,[PPG] samples=0  RED=0  IR=0  sensor=OK
1786012393.5031493,4.128,IMU_ACCEL,ax,-1580,ay,1136,az,16212,[IMU] accel: ax=-1580  ay=1136  az=16212
1786012393.5041485,4.129,IMU_GYRO,gx,1021,gy,1970,gz,1385,[IMU] gyro:  gx=1021  gy=1970  gz=1385
1786012393.65125,4.276,ECG_RAW,raw,3038,,,,,[ECG] raw=3038
1786012393.6541831,4.279,ECG_RAW,raw,401,,,,,[ECG] raw=401
1786012393.6551666,4.280,ECG_RAW,raw,3,,,,,[ECG] raw=3
1786012393.6790009,4.304,ECG_RAW,raw,2436,,,,,[ECG] raw=2436
1786012393.6820085,4.307,ECG_RAW,raw,3952,,,,,[ECG] raw=3952
1786012393.6830075,4.308,ECG_RAW,raw,3619,,,,,[ECG] raw=3619
1786012393.703826,4.329,ECG_RAW,raw,175,,,,,[ECG] raw=175
1786012393.7058442,4.331,ECG_RAW,raw,3,,,,,[ECG] raw=3
1786012393.7072186,4.332,ECG_RAW,raw,2081,,,,,[ECG] raw=2081
1786012393.7149065,4.340,ECG_RAW,raw,3788,,,,,[ECG] raw=3788
1786012393.7172117,4.342,ECG_RAW,raw,3266,,,,,[ECG] raw=3266
1786012393.7192833,4.345,ECG_RAW,raw,1449,,,,,[ECG] raw=1449
1786012393.7192833,4.345,ECG_RAW,raw,4,,,,,[ECG] raw=4
1786012393.7266724,4.352,ECG_RAW,raw,1956,,,,,[ECG] raw=1956
1786012393.7277858,4.353,ECG_RAW,raw,3781,,,,,[ECG] raw=3781
1786012393.742128,4.367,ECG_RAW,raw,3974,,,,,[ECG] raw=3974
1786012393.742128,4.367,ECG_RAW,raw,1980,,,,,[ECG] raw=1980
1786012393.743139,4.368,ECG_RAW,raw,312,,,,,[ECG] raw=312
1786012393.7673235,4.393,ECG_RAW,raw,1557,,,,,[ECG] raw=1557
1786012393.776334,4.402,ECG_RAW,raw,3464,,,,,[ECG] raw=3464
1786012393.7777605,4.403,ECG_RAW,raw,3835,,,,,[ECG] raw=3835
1786012393.7787578,4.404,ECG_RAW,raw,2144,,,,,[ECG] raw=2144
1786012393.7787578,4.404,ECG_RAW,raw,299,,,,,[ECG] raw=299
1786012393.7787578,4.404,ECG_RAW,raw,757,,,,,[ECG] raw=757
1786012393.7787578,4.404,ECG_RAW,raw,3044,,,,,[ECG] raw=3044
1786012393.7827642,4.408,ECG_RAW,raw,3964,,,,,[ECG] raw=3964
1786012393.7870657,4.412,ECG_RAW,raw,2609,,,,,[ECG] raw=2609
1786012393.792046,4.417,ECG_RAW,raw,284,,,,,[ECG] raw=284
1786012393.8006196,4.426,ECG_RAW,raw,534,,,,,[ECG] raw=534
1786012393.8026197,4.428,ECG_RAW,raw,2831,,,,,[ECG] raw=2831
1786012393.8266425,4.452,ECG_RAW,raw,3968,,,,,[ECG] raw=3968
1786012393.8266425,4.452,ECG_RAW,raw,3089,,,,,[ECG] raw=3089
1786012393.8266425,4.452,ECG_RAW,raw,604,,,,,[ECG] raw=604
1786012393.830642,4.456,ECG_RAW,raw,142,,,,,[ECG] raw=142
1786012393.845899,4.471,ECG_RAW,raw,2551,,,,,[ECG] raw=2551
1786012393.845899,4.471,ECG_RAW,raw,3862,,,,,[ECG] raw=3862
1786012393.8677306,4.493,ECG_RAW,raw,3461,,,,,[ECG] raw=3461
1786012393.8716445,4.497,ECG_RAW,raw,304,,,,,[ECG] raw=304
1786012393.8789284,4.504,ECG_RAW,raw,59,,,,,[ECG] raw=59
1786012393.880922,4.506,ECG_RAW,raw,2186,,,,,[ECG] raw=2186
1786012393.881923,4.507,ECG_RAW,raw,3708,,,,,[ECG] raw=3708
1786012393.8870072,4.512,ECG_RAW,raw,3604,,,,,[ECG] raw=3604
1786012393.88799,4.513,ECG_RAW,raw,1350,,,,,[ECG] raw=1350
1786012393.9240363,4.549,ECG_RAW,raw,112,,,,,[ECG] raw=112
1786012393.9250405,4.550,ECG_RAW,raw,1911,,,,,[ECG] raw=1911
1786012393.9263656,4.552,ECG_RAW,raw,3481,,,,,[ECG] raw=3481
1786012393.9274416,4.553,ECG_RAW,raw,3669,,,,,[ECG] raw=3669
1786012393.9354396,4.561,ECG_RAW,raw,1914,,,,,[ECG] raw=1914
1786012393.9377766,4.563,ECG_RAW,raw,342,,,,,[ECG] raw=342
1786012393.9387794,4.564,ECG_RAW,raw,1572,,,,,[ECG] raw=1572
1786012393.9387794,4.564,ECG_RAW,raw,3137,,,,,[ECG] raw=3137
1786012393.9387794,4.564,ECG_RAW,raw,3617,,,,,[ECG] raw=3617
1786012393.9387794,4.564,ECG_RAW,raw,1948,,,,,[ECG] raw=1948
1786012393.9387794,4.564,ECG_RAW,raw,110,,,,,[ECG] raw=110
1786012393.9457815,4.571,ECG_RAW,raw,777,,,,,[ECG] raw=777
1786012393.984973,4.610,ECG_RAW,raw,2967,,,,,[ECG] raw=2967
1786012393.9859679,4.611,ECG_RAW,raw,3586,,,,,[ECG] raw=3586
1786012393.9963753,4.622,ECG_RAW,raw,2357,,,,,[ECG] raw=2357
1786012393.9987998,4.624,ECG_RAW,raw,261,,,,,[ECG] raw=261
1786012393.999799,4.625,ECG_RAW,raw,652,,,,,[ECG] raw=652
1786012394.0008023,4.626,ECG_RAW,raw,2770,,,,,[ECG] raw=2770
1786012394.0008023,4.626,ECG_RAW,raw,3680,,,,,[ECG] raw=3680
1786012394.0332398,4.658,ECG_RAW,raw,2743,,,,,[ECG] raw=2743
1786012394.0352328,4.660,ECG_RAW,raw,457,,,,,[ECG] raw=457
1786012394.0352328,4.660,ECG_RAW,raw,273,,,,,[ECG] raw=273
1786012394.0387125,4.664,ECG_RAW,raw,2472,,,,,[ECG] raw=2472
1786012394.0387125,4.664,ECG_RAW,raw,3972,,,,,[ECG] raw=3972
1786012394.054111,4.679,ECG_RAW,raw,2262,,,,,[ECG] raw=2262
1786012394.0760763,4.701,ECG_RAW,raw,559,,,,,[ECG] raw=559
1786012394.07843,4.704,ECG_RAW,raw,186,,,,,[ECG] raw=186
1786012394.07843,4.704,ECG_RAW,raw,2320,,,,,[ECG] raw=2320
1786012394.0804288,4.706,ECG_RAW,raw,3677,,,,,[ECG] raw=3677
1786012394.0913272,4.717,ECG_RAW,raw,3354,,,,,[ECG] raw=3354
1786012394.0928686,4.718,ECG_RAW,raw,987,,,,,[ECG] raw=987
1786012394.0992475,4.724,ECG_RAW,raw,5,,,,,[ECG] raw=5
1786012394.1037915,4.729,ECG_RAW,raw,2127,,,,,[ECG] raw=2127
1786012394.1047902,4.730,ECG_RAW,raw,3744,,,,,[ECG] raw=3744
1786012394.1047902,4.730,ECG_RAW,raw,3809,,,,,[ECG] raw=3809
1786012394.1057901,4.731,ECG_RAW,raw,1387,,,,,[ECG] raw=1387
1786012394.1057901,4.731,ECG_RAW,raw,0,,,,,[ECG] raw=0
1786012394.1067894,4.732,ECG_RAW,raw,1495,,,,,[ECG] raw=1495
1786012394.1067894,4.732,ECG_RAW,raw,3749,,,,,[ECG] raw=3749
1786012394.1067894,4.732,ECG_RAW,raw,3761,,,,,[ECG] raw=3761
1786012394.1082532,4.733,ECG_RAW,raw,992,,,,,[ECG] raw=992
1786012394.1082532,4.733,ECG_RAW,raw,7,,,,,[ECG] raw=7
1786012394.1082532,4.733,ECG_RAW,raw,1103,,,,,[ECG] raw=1103
1786012394.1107945,4.736,ECG_RAW,raw,3574,,,,,[ECG] raw=3574
1786012394.1200712,4.745,ECG_RAW,raw,3986,,,,,[ECG] raw=3986
1786012394.1418877,4.767,ECG_RAW,raw,1458,,,,,[ECG] raw=1458
1786012394.1418877,4.767,ECG_RAW,raw,4,,,,,[ECG] raw=4
1786012394.1418877,4.767,ECG_RAW,raw,502,,,,,[ECG] raw=502
1786012394.1614177,4.787,ECG_RAW,raw,3494,,,,,[ECG] raw=3494
1786012394.1624174,4.788,ECG_RAW,raw,3976,,,,,[ECG] raw=3976
1786012394.1839526,4.809,ECG_RAW,raw,1761,,,,,[ECG] raw=1761
1786012394.1839526,4.809,ECG_RAW,raw,4,,,,,[ECG] raw=4
1786012394.1849587,4.810,ECG_RAW,raw,14,,,,,[ECG] raw=14
1786012394.187218,4.812,ECG_RAW,raw,3438,,,,,[ECG] raw=3438
1786012394.1882036,4.813,ECG_RAW,raw,3945,,,,,[ECG] raw=3945
1786012394.1882036,4.813,ECG_RAW,raw,1636,,,,,[ECG] raw=1636
1786012394.1951244,4.820,ECG_RAW,raw,1,,,,,[ECG] raw=1
1786012394.1962252,4.821,ECG_RAW,raw,0,,,,,[ECG] raw=0
1786012394.1984808,4.824,ECG_RAW,raw,2992,,,,,[ECG] raw=2992
1786012394.2034843,4.829,ECG_RAW,raw,3988,,,,,[ECG] raw=3988
1786012394.243046,4.868,ECG_RAW,raw,3071,,,,,[ECG] raw=3071
1786012394.2525437,4.878,ECG_RAW,raw,94,,,,,[ECG] raw=94
1786012394.2525437,4.878,ECG_RAW,raw,4,,,,,[ECG] raw=4
1786012394.2525437,4.878,ECG_RAW,raw,2931,,,,,[ECG] raw=2931
1786012394.2525437,4.878,ECG_RAW,raw,3976,,,,,[ECG] raw=3976
1786012394.2535386,4.879,ECG_RAW,raw,2928,,,,,[ECG] raw=2928
1786012394.2535386,4.879,ECG_RAW,raw,208,,,,,[ECG] raw=208
1786012394.2564619,4.882,ECG_RAW,raw,6,,,,,[ECG] raw=6
1786012394.2574625,4.883,ECG_RAW,raw,2273,,,,,[ECG] raw=2273
1786012394.2588723,4.884,ECG_RAW,raw,3937,,,,,[ECG] raw=3937
1786012394.2648835,4.890,ECG_RAW,raw,3342,,,,,[ECG] raw=3342
1786012394.311966,4.937,ECG_RAW,raw,538,,,,,[ECG] raw=538
1786012394.312966,4.938,ECG_RAW,raw,18,,,,,[ECG] raw=18
1786012394.3149674,4.940,ECG_RAW,raw,1767,,,,,[ECG] raw=1767
1786012394.32416,4.949,ECG_RAW,raw,3906,,,,,[ECG] raw=3906
1786012394.3283553,4.954,ECG_RAW,raw,3927,,,,,[ECG] raw=3927
1786012394.3293538,4.955,ECG_RAW,raw,1240,,,,,[ECG] raw=1240
1786012394.336359,4.962,ECG_RAW,raw,2,,,,,[ECG] raw=2
1786012394.3387852,4.964,ECG_RAW,raw,1512,,,,,[ECG] raw=1512
1786012394.3788898,5.004,ECG_RAW,raw,3945,,,,,[ECG] raw=3945
1786012394.380793,5.006,ECG_RAW,raw,3965,,,,,[ECG] raw=3965
1786012394.3892825,5.015,ECG_RAW,raw,2176,,,,,[ECG] raw=2176
1786012394.3902795,5.016,ECG_RAW,raw,5,,,,,[ECG] raw=5
1786012394.3902795,5.016,ECG_RAW,raw,1136,,,,,[ECG] raw=1136
1786012394.3922818,5.018,ECG_RAW,raw,3575,,,,,[ECG] raw=3575
1786012395.4423268,6.068,ECG_DIAG,halves,5,total_samples,3000,overruns,0,[ECG] halves=5  total_samples=3000  overruns=0
1786012395.4423268,6.068,PPG,RED,0,IR,0,samples,0,[PPG] samples=0  RED=0  IR=0  sensor=OK
1786012395.4433126,6.069,IMU_ACCEL,ax,656,ay,4708,az,11928,[IMU] accel: ax=656  ay=4708  az=11928
1786012395.4549105,6.080,IMU_GYRO,gx,-1198,gy,-10714,gz,-5027,[IMU] gyro:  gx=-1198  gy=-10714  gz=-5027
1786012395.7276723,6.353,ECG_RAW,raw,3849,,,,,[ECG] raw=3849
1786012395.7286687,6.354,ECG_RAW,raw,2328,,,,,[ECG] raw=2328
1786012395.7286687,6.354,ECG_RAW,raw,5,,,,,[ECG] raw=5
1786012395.7286687,6.354,ECG_RAW,raw,166,,,,,[ECG] raw=166
1786012395.730667,6.356,ECG_RAW,raw,3586,,,,,[ECG] raw=3586
1786012395.768037,6.393,ECG_RAW,raw,3997,,,,,[ECG] raw=3997
1786012395.7689564,6.394,ECG_RAW,raw,3396,,,,,[ECG] raw=3396
1786012395.769998,6.395,ECG_RAW,raw,173,,,,,[ECG] raw=173
1786012395.769998,6.395,ECG_RAW,raw,38,,,,,[ECG] raw=38
1786012395.7719538,6.397,ECG_RAW,raw,3396,,,,,[ECG] raw=3396
1786012395.7791371,6.404,ECG_RAW,raw,3995,,,,,[ECG] raw=3995
1786012395.782136,6.407,ECG_RAW,raw,3858,,,,,[ECG] raw=3858
1786012395.7872815,6.413,ECG_RAW,raw,555,,,,,[ECG] raw=555
1786012395.7892816,6.415,ECG_RAW,raw,3,,,,,[ECG] raw=3
1786012395.8030405,6.428,ECG_RAW,raw,2627,,,,,[ECG] raw=2627
1786012395.8112636,6.437,ECG_RAW,raw,3983,,,,,[ECG] raw=3983
1786012395.8112636,6.437,ECG_RAW,raw,3666,,,,,[ECG] raw=3666
1786012395.8112636,6.437,ECG_RAW,raw,745,,,,,[ECG] raw=745
1786012395.8112636,6.437,ECG_RAW,raw,7,,,,,[ECG] raw=7
1786012395.8112636,6.437,ECG_RAW,raw,2088,,,,,[ECG] raw=2088
1786012395.8253467,6.451,ECG_RAW,raw,3952,,,,,[ECG] raw=3952
1786012395.8325996,6.458,ECG_RAW,raw,3976,,,,,[ECG] raw=3976
1786012395.8325996,6.458,ECG_RAW,raw,1080,,,,,[ECG] raw=1080
1786012395.8355198,6.461,ECG_RAW,raw,5,,,,,[ECG] raw=5
1786012395.8418386,6.467,ECG_RAW,raw,1754,,,,,[ECG] raw=1754
1786012395.8831186,6.508,ECG_RAW,raw,3890,,,,,[ECG] raw=3890
1786012395.886038,6.511,ECG_RAW,raw,3993,,,,,[ECG] raw=3993
1786012395.888292,6.514,ECG_RAW,raw,1629,,,,,[ECG] raw=1629
1786012395.888292,6.514,ECG_RAW,raw,4,,,,,[ECG] raw=4
1786012395.8954666,6.521,ECG_RAW,raw,1647,,,,,[ECG] raw=1647
1786012395.8954666,6.521,ECG_RAW,raw,3167,,,,,[ECG] raw=3167
1786012395.8964648,6.522,ECG_RAW,raw,3945,,,,,[ECG] raw=3945
1786012395.8996227,6.525,ECG_RAW,raw,2052,,,,,[ECG] raw=2052
1786012395.927729,6.553,ECG_RAW,raw,3,,,,,[ECG] raw=3
1786012395.9653559,6.591,ECG_RAW,raw,761,,,,,[ECG] raw=761
1786012395.9709976,6.596,ECG_RAW,raw,3522,,,,,[ECG] raw=3522
1786012395.973985,6.599,ECG_RAW,raw,3998,,,,,[ECG] raw=3998
1786012395.9759858,6.601,ECG_RAW,raw,2891,,,,,[ECG] raw=2891
1786012395.9763355,6.602,ECG_RAW,raw,64,,,,,[ECG] raw=64
1786012395.9763355,6.602,ECG_RAW,raw,335,,,,,[ECG] raw=335
1786012395.9774096,6.603,ECG_RAW,raw,3372,,,,,[ECG] raw=3372
1786012395.9774096,6.603,ECG_RAW,raw,3991,,,,,[ECG] raw=3991
1786012395.9774096,6.603,ECG_RAW,raw,3418,,,,,[ECG] raw=3418
1786012395.9774096,6.603,ECG_RAW,raw,290,,,,,[ECG] raw=290
1786012395.9774096,6.603,ECG_RAW,raw,3,,,,,[ECG] raw=3
1786012395.9774096,6.603,ECG_RAW,raw,2708,,,,,[ECG] raw=2708
1786012395.9784124,6.604,ECG_RAW,raw,3955,,,,,[ECG] raw=3955
1786012395.9784124,6.604,ECG_RAW,raw,3512,,,,,[ECG] raw=3512
1786012395.9784124,6.604,ECG_RAW,raw,572,,,,,[ECG] raw=572
1786012395.9784124,6.604,ECG_RAW,raw,0,,,,,[ECG] raw=0
1786012395.9844065,6.610,ECG_RAW,raw,2584,,,,,[ECG] raw=2584
1786012395.9880424,6.613,ECG_RAW,raw,3974,,,,,[ECG] raw=3974
1786012396.0112178,6.636,ECG_RAW,raw,3833,,,,,[ECG] raw=3833
1786012396.0112178,6.636,ECG_RAW,raw,1005,,,,,[ECG] raw=1005
1786012396.0112178,6.636,ECG_RAW,raw,6,,,,,[ECG] raw=6
1786012396.0112178,6.636,ECG_RAW,raw,1935,,,,,[ECG] raw=1935
1786012396.0268328,6.652,ECG_RAW,raw,3944,,,,,[ECG] raw=3944
1786012396.0268328,6.652,ECG_RAW,raw,3990,,,,,[ECG] raw=3990
1786012396.0268328,6.652,ECG_RAW,raw,1742,,,,,[ECG] raw=1742
1786012396.0279126,6.653,ECG_RAW,raw,10,,,,,[ECG] raw=10
1786012396.0530026,6.678,ECG_RAW,raw,1650,,,,,[ECG] raw=1650
1786012396.055917,6.681,ECG_RAW,raw,3651,,,,,[ECG] raw=3651
1786012396.0651608,6.690,ECG_RAW,raw,3995,,,,,[ECG] raw=3995
1786012396.0683339,6.694,ECG_RAW,raw,269,,,,,[ECG] raw=269
1786012396.069327,6.695,ECG_RAW,raw,5,,,,,[ECG] raw=5
1786012396.0753272,6.701,ECG_RAW,raw,0,,,,,[ECG] raw=0
1786012396.0753272,6.701,ECG_RAW,raw,1823,,,,,[ECG] raw=1823
1786012396.1139543,6.739,ECG_RAW,raw,2616,,,,,[ECG] raw=2616
1786012396.1160479,6.741,ECG_RAW,raw,1815,,,,,[ECG] raw=1815
1786012396.1169662,6.742,ECG_RAW,raw,7,,,,,[ECG] raw=7
1786012396.1181052,6.743,ECG_RAW,raw,140,,,,,[ECG] raw=140
1786012396.1181052,6.743,ECG_RAW,raw,2322,,,,,[ECG] raw=2322
1786012396.1191087,6.744,ECG_RAW,raw,2634,,,,,[ECG] raw=2634
1786012396.12011,6.745,ECG_RAW,raw,1467,,,,,[ECG] raw=1467
1786012396.12411,6.749,ECG_RAW,raw,40,,,,,[ECG] raw=40
1786012396.126109,6.751,ECG_RAW,raw,38,,,,,[ECG] raw=38
1786012396.1384957,6.764,ECG_RAW,raw,2312,,,,,[ECG] raw=2312
1786012396.1662602,6.791,ECG_RAW,raw,3377,,,,,[ECG] raw=3377
1786012396.1696043,6.795,ECG_RAW,raw,2645,,,,,[ECG] raw=2645
1786012396.1696043,6.795,ECG_RAW,raw,370,,,,,[ECG] raw=370
1786012396.1706064,6.796,ECG_RAW,raw,0,,,,,[ECG] raw=0
1786012396.171603,6.797,ECG_RAW,raw,2037,,,,,[ECG] raw=2037
1786012396.1779594,6.803,ECG_RAW,raw,3375,,,,,[ECG] raw=3375
1786012396.1789663,6.804,ECG_RAW,raw,2977,,,,,[ECG] raw=2977
1786012396.2083304,6.834,ECG_RAW,raw,753,,,,,[ECG] raw=753
1786012396.2093403,6.835,ECG_RAW,raw,7,,,,,[ECG] raw=7
1786012396.2093403,6.835,ECG_RAW,raw,1792,,,,,[ECG] raw=1792
1786012396.2093403,6.835,ECG_RAW,raw,3321,,,,,[ECG] raw=3321
1786012396.2093403,6.835,ECG_RAW,raw,3167,,,,,[ECG] raw=3167
1786012396.2103145,6.836,ECG_RAW,raw,1125,,,,,[ECG] raw=1125
1786012396.2103145,6.836,ECG_RAW,raw,3,,,,,[ECG] raw=3
1786012396.2103145,6.836,ECG_RAW,raw,1793,,,,,[ECG] raw=1793
1786012396.2173028,6.843,ECG_RAW,raw,3998,,,,,[ECG] raw=3998
1786012396.219381,6.845,ECG_RAW,raw,4003,,,,,[ECG] raw=4003
1786012396.2253778,6.851,ECG_RAW,raw,3753,,,,,[ECG] raw=3753
1786012396.2253778,6.851,ECG_RAW,raw,1976,,,,,[ECG] raw=1976
1786012396.2347507,6.860,ECG_RAW,raw,3704,,,,,[ECG] raw=3704
1786012396.2358994,6.861,ECG_RAW,raw,3990,,,,,[ECG] raw=3990
1786012396.2422585,6.867,ECG_RAW,raw,4009,,,,,[ECG] raw=4009
1786012396.2646854,6.890,ECG_RAW,raw,3413,,,,,[ECG] raw=3413
1786012396.2646854,6.890,ECG_RAW,raw,1241,,,,,[ECG] raw=1241
1786012396.2656953,6.891,ECG_RAW,raw,3371,,,,,[ECG] raw=3371
1786012396.2660644,6.891,ECG_RAW,raw,3710,,,,,[ECG] raw=3710
1786012396.2660644,6.891,ECG_RAW,raw,3997,,,,,[ECG] raw=3997
1786012396.2834218,6.909,ECG_RAW,raw,3448,,,,,[ECG] raw=3448
1786012396.2834218,6.909,ECG_RAW,raw,861,,,,,[ECG] raw=861
1786012396.3052914,6.931,ECG_RAW,raw,2041,,,,,[ECG] raw=2041
1786012396.307566,6.933,ECG_RAW,raw,3923,,,,,[ECG] raw=3923
1786012396.3160858,6.941,ECG_RAW,raw,3993,,,,,[ECG] raw=3993
1786012396.3191907,6.944,ECG_RAW,raw,3713,,,,,[ECG] raw=3713
1786012396.3211932,6.946,ECG_RAW,raw,741,,,,,[ECG] raw=741
1786012396.3274322,6.953,ECG_RAW,raw,1383,,,,,[ECG] raw=1383
1786012396.358643,6.984,ECG_RAW,raw,3726,,,,,[ECG] raw=3726
1786012396.3656213,6.991,ECG_RAW,raw,3995,,,,,[ECG] raw=3995
1786012396.3681204,6.993,ECG_RAW,raw,3924,,,,,[ECG] raw=3924
1786012396.3691206,6.994,ECG_RAW,raw,742,,,,,[ECG] raw=742
1786012396.3691206,6.994,ECG_RAW,raw,445,,,,,[ECG] raw=445
1786012396.37112,6.996,ECG_RAW,raw,3111,,,,,[ECG] raw=3111
1786012396.3775218,7.003,ECG_RAW,raw,3989,,,,,[ECG] raw=3989
1786012396.3785188,7.004,ECG_RAW,raw,3720,,,,,[ECG] raw=3720
1786012396.4107494,7.036,ECG_RAW,raw,743,,,,,[ECG] raw=743
1786012396.420896,7.046,ECG_RAW,raw,4,,,,,[ECG] raw=4
1786012396.422883,7.048,ECG_RAW,raw,2554,,,,,[ECG] raw=2554
1786012396.428313,7.054,ECG_RAW,raw,3959,,,,,[ECG] raw=3959
1786012396.4633198,7.089,ECG_RAW,raw,3909,,,,,[ECG] raw=3909
1786012396.4633198,7.089,ECG_RAW,raw,1117,,,,,[ECG] raw=1117
1786012396.4643114,7.090,ECG_RAW,raw,3,,,,,[ECG] raw=3
1786012396.4643114,7.090,ECG_RAW,raw,1549,,,,,[ECG] raw=1549
1786012397.4698274,8.095,ECG_DIAG,halves,6,total_samples,3500,overruns,0,[ECG] halves=6  total_samples=3500  overruns=0
1786012397.5267255,8.152,PPG,RED,0,IR,0,samples,0,[PPG] samples=0  RED=0  IR=0  sensor=OK
1786012397.5359728,8.161,IMU_ACCEL,ax,-940,ay,3196,az,15764,[IMU] accel: ax=-940  ay=3196  az=15764
1786012397.5694356,8.195,IMU_GYRO,gx,-1637,gy,-9105,gz,-945,[IMU] gyro:  gx=-1637  gy=-9105  gz=-945
1786012397.7794335,8.405,ECG_RAW,raw,3687,,,,,[ECG] raw=3687
1786012397.782341,8.408,ECG_RAW,raw,3867,,,,,[ECG] raw=3867
1786012397.7918148,8.417,ECG_RAW,raw,1374,,,,,[ECG] raw=1374
1786012397.79574,8.421,ECG_RAW,raw,3,,,,,[ECG] raw=3
1786012397.8019733,8.427,ECG_RAW,raw,1104,,,,,[ECG] raw=1104
1786012397.840502,8.466,ECG_RAW,raw,3583,,,,,[ECG] raw=3583
1786012397.852869,8.478,ECG_RAW,raw,3905,,,,,[ECG] raw=3905
1786012397.8599465,8.485,ECG_RAW,raw,1712,,,,,[ECG] raw=1712
1786012397.862969,8.488,ECG_RAW,raw,9,,,,,[ECG] raw=9
1786012397.862969,8.488,ECG_RAW,raw,726,,,,,[ECG] raw=726
1786012397.8639464,8.489,ECG_RAW,raw,3185,,,,,[ECG] raw=3185
1786012397.864949,8.490,ECG_RAW,raw,3861,,,,,[ECG] raw=3861
1786012397.864949,8.490,ECG_RAW,raw,2226,,,,,[ECG] raw=2226
1786012397.8659518,8.491,ECG_RAW,raw,4,,,,,[ECG] raw=4
1786012397.8659518,8.491,ECG_RAW,raw,302,,,,,[ECG] raw=302
1786012397.8659518,8.491,ECG_RAW,raw,2919,,,,,[ECG] raw=2919
1786012397.8659518,8.491,ECG_RAW,raw,3972,,,,,[ECG] raw=3972
1786012397.8659518,8.491,ECG_RAW,raw,2561,,,,,[ECG] raw=2561
1786012397.8659518,8.491,ECG_RAW,raw,3,,,,,[ECG] raw=3
1786012397.8742173,8.499,ECG_RAW,raw,3,,,,,[ECG] raw=3
1786012397.876837,8.502,ECG_RAW,raw,2659,,,,,[ECG] raw=2659
1786012397.886262,8.511,ECG_RAW,raw,3960,,,,,[ECG] raw=3960
1786012397.914532,8.540,ECG_RAW,raw,3460,,,,,[ECG] raw=3460
1786012397.914532,8.540,ECG_RAW,raw,4,,,,,[ECG] raw=4
1786012397.914532,8.540,ECG_RAW,raw,4,,,,,[ECG] raw=4
1786012397.914532,8.540,ECG_RAW,raw,2293,,,,,[ECG] raw=2293
1786012397.916536,8.542,ECG_RAW,raw,3897,,,,,[ECG] raw=3897
1786012397.9355862,8.561,ECG_RAW,raw,3470,,,,,[ECG] raw=3470
1786012397.9355862,8.561,ECG_RAW,raw,646,,,,,[ECG] raw=646
1786012397.9355862,8.561,ECG_RAW,raw,3,,,,,[ECG] raw=3
1786012397.955877,8.581,ECG_RAW,raw,2272,,,,,[ECG] raw=2272
1786012397.9595263,8.585,ECG_RAW,raw,3870,,,,,[ECG] raw=3870
1786012397.9605446,8.586,ECG_RAW,raw,3917,,,,,[ECG] raw=3917
1786012397.9699485,8.595,ECG_RAW,raw,1254,,,,,[ECG] raw=1254
1786012397.970869,8.596,ECG_RAW,raw,4,,,,,[ECG] raw=4
1786012397.9764416,8.602,ECG_RAW,raw,1760,,,,,[ECG] raw=1760
1786012397.97856,8.604,ECG_RAW,raw,3779,,,,,[ECG] raw=3779
1786012397.97856,8.604,ECG_RAW,raw,3868,,,,,[ECG] raw=3868
1786012398.0151803,8.640,ECG_RAW,raw,1518,,,,,[ECG] raw=1518
1786012398.017793,8.643,ECG_RAW,raw,0,,,,,[ECG] raw=0
1786012398.0258088,8.651,ECG_RAW,raw,1011,,,,,[ECG] raw=1011
1786012398.029956,8.655,ECG_RAW,raw,3310,,,,,[ECG] raw=3310
1786012398.0363154,8.662,ECG_RAW,raw,3871,,,,,[ECG] raw=3871
1786012398.0373979,8.663,ECG_RAW,raw,2029,,,,,[ECG] raw=2029
1786012398.0373979,8.663,ECG_RAW,raw,5,,,,,[ECG] raw=5
1786012398.0516255,8.677,ECG_RAW,raw,581,,,,,[ECG] raw=581
1786012398.0860884,8.711,ECG_RAW,raw,3158,,,,,[ECG] raw=3158
1786012398.0892553,8.714,ECG_RAW,raw,3980,,,,,[ECG] raw=3980
1786012398.0952537,8.720,ECG_RAW,raw,2242,,,,,[ECG] raw=2242
1786012398.0962515,8.721,ECG_RAW,raw,4,,,,,[ECG] raw=4
1786012398.097072,8.722,ECG_RAW,raw,160,,,,,[ECG] raw=160
1786012398.1607776,8.786,ECG_RAW,raw,2905,,,,,[ECG] raw=2905
1786012398.1637812,8.789,ECG_RAW,raw,3944,,,,,[ECG] raw=3944
1786012398.1637812,8.789,ECG_RAW,raw,2789,,,,,[ECG] raw=2789
1786012398.1637812,8.789,ECG_RAW,raw,165,,,,,[ECG] raw=165
1786012398.1637812,8.789,ECG_RAW,raw,5,,,,,[ECG] raw=5
1786012398.1637812,8.789,ECG_RAW,raw,2551,,,,,[ECG] raw=2551
1786012398.164777,8.790,ECG_RAW,raw,3959,,,,,[ECG] raw=3959
1786012398.164777,8.790,ECG_RAW,raw,3171,,,,,[ECG] raw=3171
1786012398.164777,8.790,ECG_RAW,raw,398,,,,,[ECG] raw=398
1786012398.164777,8.790,ECG_RAW,raw,4,,,,,[ECG] raw=4
1786012398.164777,8.790,ECG_RAW,raw,2254,,,,,[ECG] raw=2254
1786012398.164777,8.790,ECG_RAW,raw,3854,,,,,[ECG] raw=3854
1786012398.164777,8.790,ECG_RAW,raw,3726,,,,,[ECG] raw=3726
1786012398.164777,8.790,ECG_RAW,raw,866,,,,,[ECG] raw=866
1786012398.164777,8.790,ECG_RAW,raw,3,,,,,[ECG] raw=3
1786012398.1657758,8.791,ECG_RAW,raw,1829,,,,,[ECG] raw=1829
1786012398.1669967,8.792,ECG_RAW,raw,3740,,,,,[ECG] raw=3740
1786012398.169002,8.794,ECG_RAW,raw,3876,,,,,[ECG] raw=3876
1786012398.1799164,8.805,ECG_RAW,raw,1823,,,,,[ECG] raw=1823
1786012398.1829834,8.808,ECG_RAW,raw,28,,,,,[ECG] raw=28
1786012398.188771,8.814,ECG_RAW,raw,220,,,,,[ECG] raw=220
1786012398.189778,8.815,ECG_RAW,raw,479,,,,,[ECG] raw=479
1786012398.189778,8.815,ECG_RAW,raw,1775,,,,,[ECG] raw=1775
1786012398.189778,8.815,ECG_RAW,raw,851,,,,,[ECG] raw=851
1786012398.1907809,8.816,ECG_RAW,raw,24,,,,,[ECG] raw=24
1786012398.19278,8.818,ECG_RAW,raw,1819,,,,,[ECG] raw=1819
1786012398.1999865,8.825,ECG_RAW,raw,3770,,,,,[ECG] raw=3770
1786012398.2029922,8.828,ECG_RAW,raw,3994,,,,,[ECG] raw=3994
1786012398.2262218,8.851,ECG_RAW,raw,2801,,,,,[ECG] raw=2801
1786012398.227219,8.852,ECG_RAW,raw,232,,,,,[ECG] raw=232
1786012398.227219,8.852,ECG_RAW,raw,1406,,,,,[ECG] raw=1406
1786012398.2375739,8.863,ECG_RAW,raw,3669,,,,,[ECG] raw=3669
1786012398.2492113,8.874,ECG_RAW,raw,3991,,,,,[ECG] raw=3991
1786012398.2743697,8.900,ECG_RAW,raw,3121,,,,,[ECG] raw=3121
1786012398.275463,8.901,ECG_RAW,raw,271,,,,,[ECG] raw=271
1786012398.2839744,8.909,ECG_RAW,raw,593,,,,,[ECG] raw=593
1786012398.2849677,8.910,ECG_RAW,raw,3028,,,,,[ECG] raw=3028
1786012398.2875063,8.913,ECG_RAW,raw,3981,,,,,[ECG] raw=3981
1786012398.288821,8.914,ECG_RAW,raw,3292,,,,,[ECG] raw=3292
1786012398.293926,8.919,ECG_RAW,raw,401,,,,,[ECG] raw=401
1786012398.2959177,8.921,ECG_RAW,raw,90,,,,,[ECG] raw=90
1786012398.2959177,8.921,ECG_RAW,raw,2760,,,,,[ECG] raw=2760
1786012398.296918,8.922,ECG_RAW,raw,3980,,,,,[ECG] raw=3980
1786012398.297471,8.923,ECG_RAW,raw,3720,,,,,[ECG] raw=3720
1786012398.3345056,8.960,ECG_RAW,raw,625,,,,,[ECG] raw=625
1786012398.34423,8.969,ECG_RAW,raw,5,,,,,[ECG] raw=5
1786012398.3478417,8.973,ECG_RAW,raw,2498,,,,,[ECG] raw=2498
1786012398.348841,8.974,ECG_RAW,raw,3958,,,,,[ECG] raw=3958
1786012398.3547633,8.980,ECG_RAW,raw,3894,,,,,[ECG] raw=3894
1786012398.3557448,8.981,ECG_RAW,raw,935,,,,,[ECG] raw=935
1786012398.3557448,8.981,ECG_RAW,raw,16,,,,,[ECG] raw=16
1786012398.3591335,8.984,ECG_RAW,raw,2112,,,,,[ECG] raw=2112
1786012398.3981738,9.023,ECG_RAW,raw,3861,,,,,[ECG] raw=3861
1786012398.406196,9.031,ECG_RAW,raw,3895,,,,,[ECG] raw=3895
1786012398.4083195,9.034,ECG_RAW,raw,1429,,,,,[ECG] raw=1429
1786012398.4093194,9.035,ECG_RAW,raw,0,,,,,[ECG] raw=0
1786012398.4093194,9.035,ECG_RAW,raw,1558,,,,,[ECG] raw=1558
1786012398.410317,9.036,ECG_RAW,raw,3655,,,,,[ECG] raw=3655
1786012398.410317,9.036,ECG_RAW,raw,3955,,,,,[ECG] raw=3955
1786012398.410317,9.036,ECG_RAW,raw,1811,,,,,[ECG] raw=1811
1786012398.410317,9.036,ECG_RAW,raw,3,,,,,[ECG] raw=3
1786012398.410317,9.036,ECG_RAW,raw,1128,,,,,[ECG] raw=1128
1786012398.411317,9.037,ECG_RAW,raw,3452,,,,,[ECG] raw=3452
1786012398.411317,9.037,ECG_RAW,raw,3980,,,,,[ECG] raw=3980
1786012398.4179707,9.043,ECG_RAW,raw,2253,,,,,[ECG] raw=2253
1786012398.4219701,9.047,ECG_RAW,raw,4,,,,,[ECG] raw=4
1786012398.4554765,9.081,ECG_RAW,raw,751,,,,,[ECG] raw=751
1786012398.457669,9.083,ECG_RAW,raw,3494,,,,,[ECG] raw=3494
1786012398.458675,9.084,ECG_RAW,raw,3961,,,,,[ECG] raw=3961
1786012398.4597533,9.085,ECG_RAW,raw,1834,,,,,[ECG] raw=1834
1786012398.4597533,9.085,ECG_RAW,raw,76,,,,,[ECG] raw=76
1786012398.4671347,9.092,ECG_RAW,raw,174,,,,,[ECG] raw=174
1786012398.4691439,9.094,ECG_RAW,raw,2962,,,,,[ECG] raw=2962
1786012398.4741435,9.099,ECG_RAW,raw,3980,,,,,[ECG] raw=3980
1786012398.479293,9.105,ECG_RAW,raw,3244,,,,,[ECG] raw=3244
1786012398.4802928,9.106,ECG_RAW,raw,432,,,,,[ECG] raw=432
1786012398.4866426,9.112,ECG_RAW,raw,5,,,,,[ECG] raw=5
1786012399.477429,10.103,ECG_DIAG,halves,7,total_samples,4000,overruns,0,[ECG] halves=7  total_samples=4000  overruns=0
1786012399.55942,10.185,PPG,RED,0,IR,0,samples,0,[PPG] samples=0  RED=0  IR=0  sensor=OK
1786012399.5691376,10.194,IMU_ACCEL,ax,-1288,ay,3892,az,13660,[IMU] accel: ax=-1288  ay=3892  az=13660
1786012399.6150255,10.240,IMU_GYRO,gx,-4214,gy,-10566,gz,-908,[IMU] gyro:  gx=-4214  gy=-10566  gz=-908
1786012399.8374794,10.463,ECG_RAW,raw,2879,,,,,[ECG] raw=2879
1786012399.8454807,10.471,ECG_RAW,raw,3983,,,,,[ECG] raw=3983
1786012399.8464804,10.472,ECG_RAW,raw,3729,,,,,[ECG] raw=3729
1786012399.852604,10.478,ECG_RAW,raw,779,,,,,[ECG] raw=779
1786012399.852604,10.478,ECG_RAW,raw,5,,,,,[ECG] raw=5
1786012399.860832,10.486,ECG_RAW,raw,2579,,,,,[ECG] raw=2579
1786012399.8820424,10.507,ECG_RAW,raw,3931,,,,,[ECG] raw=3931
1786012399.8820424,10.507,ECG_RAW,raw,3588,,,,,[ECG] raw=3588
1786012399.8820424,10.507,ECG_RAW,raw,951,,,,,[ECG] raw=951
1786012399.8820424,10.507,ECG_RAW,raw,6,,,,,[ECG] raw=6
1786012399.8820424,10.507,ECG_RAW,raw,1889,,,,,[ECG] raw=1889
1786012399.899981,10.525,ECG_RAW,raw,3585,,,,,[ECG] raw=3585
1786012399.899981,10.525,ECG_RAW,raw,3830,,,,,[ECG] raw=3830
1786012399.900981,10.526,ECG_RAW,raw,1409,,,,,[ECG] raw=1409
1786012399.9254005,10.551,ECG_RAW,raw,4,,,,,[ECG] raw=4
1786012399.9263964,10.552,ECG_RAW,raw,1311,,,,,[ECG] raw=1311
1786012399.9286313,10.554,ECG_RAW,raw,3456,,,,,[ECG] raw=3456
1786012399.9370441,10.562,ECG_RAW,raw,3821,,,,,[ECG] raw=3821
1786012399.9405289,10.566,ECG_RAW,raw,1917,,,,,[ECG] raw=1917
1786012399.9405289,10.566,ECG_RAW,raw,4,,,,,[ECG] raw=4
1786012399.9450564,10.570,ECG_RAW,raw,765,,,,,[ECG] raw=765
1786012399.9831784,10.608,ECG_RAW,raw,3266,,,,,[ECG] raw=3266
1786012399.9831784,10.608,ECG_RAW,raw,3947,,,,,[ECG] raw=3947
1786012399.9861584,10.611,ECG_RAW,raw,2299,,,,,[ECG] raw=2299
1786012399.9875512,10.613,ECG_RAW,raw,3,,,,,[ECG] raw=3
1786012399.9885693,10.614,ECG_RAW,raw,437,,,,,[ECG] raw=437
1786012399.994589,10.620,ECG_RAW,raw,3024,,,,,[ECG] raw=3024
1786012399.994589,10.620,ECG_RAW,raw,3983,,,,,[ECG] raw=3983
1786012399.9969835,10.622,ECG_RAW,raw,2824,,,,,[ECG] raw=2824
1786012399.9969835,10.622,ECG_RAW,raw,167,,,,,[ECG] raw=167
1786012399.9969835,10.622,ECG_RAW,raw,78,,,,,[ECG] raw=78
1786012400.0270157,10.652,ECG_RAW,raw,2917,,,,,[ECG] raw=2917
1786012400.0320244,10.657,ECG_RAW,raw,3975,,,,,[ECG] raw=3975
1786012400.0330262,10.658,ECG_RAW,raw,3132,,,,,[ECG] raw=3132
1786012400.0350237,10.660,ECG_RAW,raw,376,,,,,[ECG] raw=376
1786012400.036329,10.662,ECG_RAW,raw,3,,,,,[ECG] raw=3
1786012400.0373473,10.663,ECG_RAW,raw,2666,,,,,[ECG] raw=2666
1786012400.0425866,10.668,ECG_RAW,raw,3935,,,,,[ECG] raw=3935
1786012400.043585,10.669,ECG_RAW,raw,3499,,,,,[ECG] raw=3499
1786012400.0582986,10.684,ECG_RAW,raw,751,,,,,[ECG] raw=751
1786012400.0582986,10.684,ECG_RAW,raw,3,,,,,[ECG] raw=3
1786012400.0582986,10.684,ECG_RAW,raw,2535,,,,,[ECG] raw=2535
1786012400.075934,10.701,ECG_RAW,raw,3637,,,,,[ECG] raw=3637
1786012400.078091,10.703,ECG_RAW,raw,3070,,,,,[ECG] raw=3070
1786012400.0800934,10.705,ECG_RAW,raw,1213,,,,,[ECG] raw=1213
1786012400.081093,10.706,ECG_RAW,raw,4,,,,,[ECG] raw=4
1786012400.086092,10.711,ECG_RAW,raw,1851,,,,,[ECG] raw=1851
1786012400.0916178,10.717,ECG_RAW,raw,3649,,,,,[ECG] raw=3649
1786012400.0916178,10.717,ECG_RAW,raw,3966,,,,,[ECG] raw=3966
1786012400.0980282,10.723,ECG_RAW,raw,1800,,,,,[ECG] raw=1800
1786012400.1000185,10.725,ECG_RAW,raw,4,,,,,[ECG] raw=4
1786012400.1276248,10.753,ECG_RAW,raw,1626,,,,,[ECG] raw=1626
1786012400.1276248,10.753,ECG_RAW,raw,3593,,,,,[ECG] raw=3593
1786012400.1276248,10.753,ECG_RAW,raw,3991,,,,,[ECG] raw=3991
1786012400.1276248,10.753,ECG_RAW,raw,2215,,,,,[ECG] raw=2215
1786012400.130645,10.756,ECG_RAW,raw,5,,,,,[ECG] raw=5
1786012400.1483214,10.774,ECG_RAW,raw,1082,,,,,[ECG] raw=1082
1786012400.172123,10.797,ECG_RAW,raw,3384,,,,,[ECG] raw=3384
1786012400.173121,10.798,ECG_RAW,raw,3978,,,,,[ECG] raw=3978
1786012400.175123,10.800,ECG_RAW,raw,2353,,,,,[ECG] raw=2353
1786012400.1832628,10.808,ECG_RAW,raw,5,,,,,[ECG] raw=5
1786012400.1832628,10.808,ECG_RAW,raw,400,,,,,[ECG] raw=400
1786012400.1874013,10.813,ECG_RAW,raw,3013,,,,,[ECG] raw=3013
1786012400.1914191,10.817,ECG_RAW,raw,3973,,,,,[ECG] raw=3973
1786012400.1934044,10.819,ECG_RAW,raw,2883,,,,,[ECG] raw=2883
1786012400.1934044,10.819,ECG_RAW,raw,123,,,,,[ECG] raw=123
1786012400.2291055,10.854,ECG_RAW,raw,48,,,,,[ECG] raw=48
1786012400.2291055,10.854,ECG_RAW,raw,2758,,,,,[ECG] raw=2758
1786012400.2301087,10.855,ECG_RAW,raw,3961,,,,,[ECG] raw=3961
1786012400.2361286,10.861,ECG_RAW,raw,3315,,,,,[ECG] raw=3315
1786012400.2372823,10.863,ECG_RAW,raw,491,,,,,[ECG] raw=491
1786012400.238282,10.864,ECG_RAW,raw,0,,,,,[ECG] raw=0
1786012400.238282,10.864,ECG_RAW,raw,2380,,,,,[ECG] raw=2380
1786012400.2403023,10.866,ECG_RAW,raw,3907,,,,,[ECG] raw=3907
1786012400.2732499,10.898,ECG_RAW,raw,3486,,,,,[ECG] raw=3486
1786012400.2977087,10.923,ECG_RAW,raw,794,,,,,[ECG] raw=794
1786012400.2997067,10.925,ECG_RAW,raw,4,,,,,[ECG] raw=4
1786012400.3037066,10.929,ECG_RAW,raw,2044,,,,,[ECG] raw=2044
1786012400.3037066,10.929,ECG_RAW,raw,3794,,,,,[ECG] raw=3794
1786012400.307164,10.932,ECG_RAW,raw,3752,,,,,[ECG] raw=3752
1786012400.3089492,10.934,ECG_RAW,raw,1212,,,,,[ECG] raw=1212
1786012400.3152964,10.941,ECG_RAW,raw,5,,,,,[ECG] raw=5
1786012400.3166096,10.942,ECG_RAW,raw,1770,,,,,[ECG] raw=1770
1786012400.317623,10.943,ECG_RAW,raw,3555,,,,,[ECG] raw=3555
1786012400.3201497,10.945,ECG_RAW,raw,3969,,,,,[ECG] raw=3969
1786012400.3437114,10.969,ECG_RAW,raw,1773,,,,,[ECG] raw=1773
1786012400.3501277,10.975,ECG_RAW,raw,4,,,,,[ECG] raw=4
1786012400.351108,10.976,ECG_RAW,raw,1227,,,,,[ECG] raw=1227
1786012400.3531096,10.978,ECG_RAW,raw,3278,,,,,[ECG] raw=3278
1786012400.3531096,10.978,ECG_RAW,raw,3983,,,,,[ECG] raw=3983
1786012400.358475,10.984,ECG_RAW,raw,2230,,,,,[ECG] raw=2230
1786012400.3594751,10.985,ECG_RAW,raw,96,,,,,[ECG] raw=96
1786012400.3614745,10.987,ECG_RAW,raw,597,,,,,[ECG] raw=597
1786012400.3624744,10.988,ECG_RAW,raw,2547,,,,,[ECG] raw=2547
1786012400.3634744,10.989,ECG_RAW,raw,3982,,,,,[ECG] raw=3982
1786012400.3644745,10.990,ECG_RAW,raw,2489,,,,,[ECG] raw=2489
1786012400.3644745,10.990,ECG_RAW,raw,45,,,,,[ECG] raw=45
1786012400.3654747,10.991,ECG_RAW,raw,460,,,,,[ECG] raw=460
1786012400.366851,10.992,ECG_RAW,raw,3048,,,,,[ECG] raw=3048
1786012400.3765886,11.002,ECG_RAW,raw,3985,,,,,[ECG] raw=3985
1786012400.3765886,11.002,ECG_RAW,raw,3066,,,,,[ECG] raw=3066
1786012400.4012916,11.027,ECG_RAW,raw,348,,,,,[ECG] raw=348
1786012400.4012916,11.027,ECG_RAW,raw,260,,,,,[ECG] raw=260
1786012400.4012916,11.027,ECG_RAW,raw,3011,,,,,[ECG] raw=3011
1786012400.4012916,11.027,ECG_RAW,raw,3988,,,,,[ECG] raw=3988
1786012400.4040082,11.029,ECG_RAW,raw,3575,,,,,[ECG] raw=3575
1786012400.4172583,11.042,ECG_RAW,raw,667,,,,,[ECG] raw=667
1786012400.4172583,11.042,ECG_RAW,raw,0,,,,,[ECG] raw=0
1786012400.4181633,11.043,ECG_RAW,raw,2363,,,,,[ECG] raw=2363
1786012400.444674,11.070,ECG_RAW,raw,3896,,,,,[ECG] raw=3896
1786012400.4456964,11.071,ECG_RAW,raw,3365,,,,,[ECG] raw=3365
1786012400.4469705,11.072,ECG_RAW,raw,965,,,,,[ECG] raw=965
1786012400.4572592,11.082,ECG_RAW,raw,2,,,,,[ECG] raw=2
1786012400.4572592,11.082,ECG_RAW,raw,1942,,,,,[ECG] raw=1942
1786012400.4582572,11.083,ECG_RAW,raw,3673,,,,,[ECG] raw=3673
1786012400.4622593,11.087,ECG_RAW,raw,3597,,,,,[ECG] raw=3597
1786012400.464706,11.090,ECG_RAW,raw,1419,,,,,[ECG] raw=1419
1786012400.4980311,11.123,ECG_RAW,raw,4,,,,,[ECG] raw=4
1786012400.4990308,11.124,ECG_RAW,raw,1463,,,,,[ECG] raw=1463
1786012400.5064912,11.132,ECG_RAW,raw,3487,,,,,[ECG] raw=3487
1786012400.5084877,11.134,ECG_RAW,raw,3918,,,,,[ECG] raw=3918
1786012400.5134878,11.139,ECG_RAW,raw,1721,,,,,[ECG] raw=1721
1786012400.514538,11.140,ECG_RAW,raw,5,,,,,[ECG] raw=5
1786012400.5171392,11.142,ECG_RAW,raw,989,,,,,[ECG] raw=989
1786012400.5455365,11.171,ECG_RAW,raw,3422,,,,,[ECG] raw=3422
1786012400.5528905,11.178,ECG_RAW,raw,3970,,,,,[ECG] raw=3970
1786012400.5570529,11.182,ECG_RAW,raw,2197,,,,,[ECG] raw=2197
1786012400.5627792,11.188,ECG_RAW,raw,0,,,,,[ECG] raw=0
1786012401.5052445,12.130,ECG_DIAG,halves,8,total_samples,4500,overruns,0,[ECG] halves=8  total_samples=4500  overruns=0
1786012401.546431,12.172,PPG,RED,0,IR,0,samples,0,[PPG] samples=0  RED=0  IR=0  sensor=OK
1786012401.559837,12.185,IMU_ACCEL,ax,-2536,ay,3648,az,13824,[IMU] accel: ax=-2536  ay=3648  az=13824
1786012401.5608397,12.186,IMU_GYRO,gx,-406,gy,-66,gz,1307,[IMU] gyro:  gx=-406  gy=-66  gz=1307
1786012401.899382,12.525,ECG_RAW,raw,538,,,,,[ECG] raw=538
1786012401.9014697,12.527,ECG_RAW,raw,3224,,,,,[ECG] raw=3224
1786012401.9309347,12.556,ECG_RAW,raw,3981,,,,,[ECG] raw=3981
1786012401.9380498,12.563,ECG_RAW,raw,2669,,,,,[ECG] raw=2669
1786012401.9390473,12.564,ECG_RAW,raw,103,,,,,[ECG] raw=103
1786012401.9400728,12.565,ECG_RAW,raw,227,,,,,[ECG] raw=227
1786012401.946049,12.571,ECG_RAW,raw,2983,,,,,[ECG] raw=2983
1786012401.946049,12.571,ECG_RAW,raw,3985,,,,,[ECG] raw=3985
1786012401.94731,12.573,ECG_RAW,raw,3119,,,,,[ECG] raw=3119
1786012401.9483163,12.574,ECG_RAW,raw,359,,,,,[ECG] raw=359
1786012401.9503155,12.576,ECG_RAW,raw,4,,,,,[ECG] raw=4
1786012401.9769943,12.602,ECG_RAW,raw,2548,,,,,[ECG] raw=2548
1786012401.9830122,12.608,ECG_RAW,raw,3901,,,,,[ECG] raw=3901
1786012401.9830122,12.608,ECG_RAW,raw,3546,,,,,[ECG] raw=3546
1786012401.9910994,12.616,ECG_RAW,raw,1080,,,,,[ECG] raw=1080
1786012401.9930906,12.618,ECG_RAW,raw,4,,,,,[ECG] raw=4
1786012401.9930906,12.618,ECG_RAW,raw,2036,,,,,[ECG] raw=2036
1786012402.0204833,12.646,ECG_RAW,raw,3869,,,,,[ECG] raw=3869
1786012402.0382187,12.663,ECG_RAW,raw,3706,,,,,[ECG] raw=3706
1786012402.0382187,12.663,ECG_RAW,raw,1026,,,,,[ECG] raw=1026
1786012402.0392087,12.664,ECG_RAW,raw,4,,,,,[ECG] raw=4
1786012402.0392087,12.664,ECG_RAW,raw,2062,,,,,[ECG] raw=2062
1786012402.0402122,12.665,ECG_RAW,raw,3851,,,,,[ECG] raw=3851
1786012402.0402122,12.665,ECG_RAW,raw,3968,,,,,[ECG] raw=3968
1786012402.0402122,12.665,ECG_RAW,raw,1518,,,,,[ECG] raw=1518
1786012402.0402122,12.665,ECG_RAW,raw,3,,,,,[ECG] raw=3
1786012402.0402122,12.665,ECG_RAW,raw,1841,,,,,[ECG] raw=1841
1786012402.0402122,12.665,ECG_RAW,raw,3751,,,,,[ECG] raw=3751
1786012402.0485542,12.674,ECG_RAW,raw,3990,,,,,[ECG] raw=3990
1786012402.0485542,12.674,ECG_RAW,raw,2112,,,,,[ECG] raw=2112
1786012402.0741038,12.699,ECG_RAW,raw,1,,,,,[ECG] raw=1
1786012402.0741038,12.699,ECG_RAW,raw,1128,,,,,[ECG] raw=1128
1786012402.0741038,12.699,ECG_RAW,raw,3343,,,,,[ECG] raw=3343
1786012402.0761025,12.701,ECG_RAW,raw,3948,,,,,[ECG] raw=3948
1786012402.0899684,12.715,ECG_RAW,raw,2232,,,,,[ECG] raw=2232
1786012402.090969,12.716,ECG_RAW,raw,3,,,,,[ECG] raw=3
1786012402.1124678,12.738,ECG_RAW,raw,664,,,,,[ECG] raw=664
1786012402.1124678,12.738,ECG_RAW,raw,3216,,,,,[ECG] raw=3216
1786012402.1134815,12.739,ECG_RAW,raw,3977,,,,,[ECG] raw=3977
1786012402.1134815,12.739,ECG_RAW,raw,2634,,,,,[ECG] raw=2634
1786012402.1168406,12.742,ECG_RAW,raw,71,,,,,[ECG] raw=71
1786012402.1179178,12.743,ECG_RAW,raw,138,,,,,[ECG] raw=138
1786012402.1262677,12.752,ECG_RAW,raw,2804,,,,,[ECG] raw=2804
1786012402.1282847,12.754,ECG_RAW,raw,3973,,,,,[ECG] raw=3973
1786012402.1618848,12.787,ECG_RAW,raw,3094,,,,,[ECG] raw=3094
1786012402.1669939,12.792,ECG_RAW,raw,338,,,,,[ECG] raw=338
1786012402.1699965,12.795,ECG_RAW,raw,4,,,,,[ECG] raw=4
1786012402.171999,12.797,ECG_RAW,raw,2557,,,,,[ECG] raw=2557
1786012402.1776602,12.803,ECG_RAW,raw,3929,,,,,[ECG] raw=3929
1786012402.1786706,12.804,ECG_RAW,raw,3378,,,,,[ECG] raw=3378
1786012402.1806893,12.806,ECG_RAW,raw,774,,,,,[ECG] raw=774
1786012402.2132902,12.839,ECG_RAW,raw,4,,,,,[ECG] raw=4
1786012402.2132902,12.839,ECG_RAW,raw,2263,,,,,[ECG] raw=2263
1786012402.2132902,12.839,ECG_RAW,raw,3810,,,,,[ECG] raw=3810
1786012402.2132902,12.839,ECG_RAW,raw,3602,,,,,[ECG] raw=3602
1786012402.2132902,12.839,ECG_RAW,raw,1029,,,,,[ECG] raw=1029
1786012402.2132902,12.839,ECG_RAW,raw,5,,,,,[ECG] raw=5
1786012402.2132902,12.839,ECG_RAW,raw,1902,,,,,[ECG] raw=1902
1786012402.2143867,12.840,ECG_RAW,raw,3731,,,,,[ECG] raw=3731
1786012402.2174249,12.843,ECG_RAW,raw,3976,,,,,[ECG] raw=3976
1786012402.2513428,12.877,ECG_RAW,raw,1570,,,,,[ECG] raw=1570
1786012402.2575462,12.883,ECG_RAW,raw,2,,,,,[ECG] raw=2
1786012402.2585654,12.884,ECG_RAW,raw,1512,,,,,[ECG] raw=1512
1786012402.2635436,12.889,ECG_RAW,raw,3450,,,,,[ECG] raw=3450
1786012402.2671719,12.892,ECG_RAW,raw,3991,,,,,[ECG] raw=3991
1786012402.2681699,12.893,ECG_RAW,raw,2590,,,,,[ECG] raw=2590
1786012402.2691696,12.894,ECG_RAW,raw,4,,,,,[ECG] raw=4
1786012402.2691696,12.894,ECG_RAW,raw,679,,,,,[ECG] raw=679
1786012402.2701674,12.895,ECG_RAW,raw,3451,,,,,[ECG] raw=3451
1786012402.2701674,12.895,ECG_RAW,raw,3984,,,,,[ECG] raw=3984
1786012402.2721882,12.897,ECG_RAW,raw,2449,,,,,[ECG] raw=2449
1786012402.2741916,12.899,ECG_RAW,raw,4,,,,,[ECG] raw=4
1786012402.3040702,12.929,ECG_RAW,raw,549,,,,,[ECG] raw=549
1786012402.3040702,12.929,ECG_RAW,raw,3210,,,,,[ECG] raw=3210
1786012402.3040702,12.929,ECG_RAW,raw,3976,,,,,[ECG] raw=3976
1786012402.3040702,12.929,ECG_RAW,raw,3038,,,,,[ECG] raw=3038
1786012402.3251224,12.950,ECG_RAW,raw,298,,,,,[ECG] raw=298
1786012402.326127,12.951,ECG_RAW,raw,432,,,,,[ECG] raw=432
1786012402.3483987,12.974,ECG_RAW,raw,3089,,,,,[ECG] raw=3089
1786012402.3483987,12.974,ECG_RAW,raw,3998,,,,,[ECG] raw=3998
1786012402.3494005,12.975,ECG_RAW,raw,3421,,,,,[ECG] raw=3421
1786012402.3494005,12.975,ECG_RAW,raw,405,,,,,[ECG] raw=405
1786012402.3504007,12.976,ECG_RAW,raw,4,,,,,[ECG] raw=4
1786012402.3514006,12.977,ECG_RAW,raw,2448,,,,,[ECG] raw=2448
1786012402.3646789,12.990,ECG_RAW,raw,3921,,,,,[ECG] raw=3921
1786012402.369894,12.995,ECG_RAW,raw,3397,,,,,[ECG] raw=3397
1786012402.371879,12.997,ECG_RAW,raw,733,,,,,[ECG] raw=733
1786012402.371879,12.997,ECG_RAW,raw,3,,,,,[ECG] raw=3
1786012402.399662,13.025,ECG_RAW,raw,2108,,,,,[ECG] raw=2108
1786012402.4162033,13.041,ECG_RAW,raw,3859,,,,,[ECG] raw=3859
1786012402.4183388,13.044,ECG_RAW,raw,3691,,,,,[ECG] raw=3691
1786012402.4213405,13.047,ECG_RAW,raw,1159,,,,,[ECG] raw=1159
1786012402.4571908,13.082,ECG_RAW,raw,2,,,,,[ECG] raw=2
1786012402.4581962,13.083,ECG_RAW,raw,1867,,,,,[ECG] raw=1867
1786012402.4621956,13.087,ECG_RAW,raw,3642,,,,,[ECG] raw=3642
1786012402.4641957,13.089,ECG_RAW,raw,3948,,,,,[ECG] raw=3948
1786012402.468896,13.094,ECG_RAW,raw,1513,,,,,[ECG] raw=1513
1786012402.492737,13.118,ECG_RAW,raw,5,,,,,[ECG] raw=5
1786012402.495045,13.120,ECG_RAW,raw,1351,,,,,[ECG] raw=1351
1786012402.500222,13.125,ECG_RAW,raw,3468,,,,,[ECG] raw=3468
1786012402.5037193,13.129,ECG_RAW,raw,3956,,,,,[ECG] raw=3956
1786012402.5090077,13.134,ECG_RAW,raw,2039,,,,,[ECG] raw=2039
1786012402.5100071,13.135,ECG_RAW,raw,4,,,,,[ECG] raw=4
1786012402.514028,13.139,ECG_RAW,raw,846,,,,,[ECG] raw=846
1786012402.5150285,13.140,ECG_RAW,raw,3268,,,,,[ECG] raw=3268
1786012402.51601,13.141,ECG_RAW,raw,3971,,,,,[ECG] raw=3971
1786012402.51601,13.141,ECG_RAW,raw,2461,,,,,[ECG] raw=2461
1786012402.51601,13.141,ECG_RAW,raw,42,,,,,[ECG] raw=42
1786012402.5171325,13.142,ECG_RAW,raw,293,,,,,[ECG] raw=293
1786012402.5171325,13.142,ECG_RAW,raw,3147,,,,,[ECG] raw=3147
1786012402.5181322,13.143,ECG_RAW,raw,3977,,,,,[ECG] raw=3977
1786012402.5181322,13.143,ECG_RAW,raw,2810,,,,,[ECG] raw=2810
1786012402.5181322,13.143,ECG_RAW,raw,189,,,,,[ECG] raw=189
1786012402.522153,13.147,ECG_RAW,raw,11,,,,,[ECG] raw=11
1786012402.5309064,13.156,ECG_RAW,raw,3320,,,,,[ECG] raw=3320
1786012402.58159,13.207,ECG_RAW,raw,3809,,,,,[ECG] raw=3809
1786012402.58159,13.207,ECG_RAW,raw,2560,,,,,[ECG] raw=2560
1786012402.582496,13.208,ECG_RAW,raw,487,,,,,[ECG] raw=487
1786012402.582496,13.208,ECG_RAW,raw,3,,,,,[ECG] raw=3
1786012402.582496,13.208,ECG_RAW,raw,2641,,,,,[ECG] raw=2641
1786012402.582496,13.208,ECG_RAW,raw,3966,,,,,[ECG] raw=3966
1786012402.582496,13.208,ECG_RAW,raw,3721,,,,,[ECG] raw=3721
1786012402.582496,13.208,ECG_RAW,raw,861,,,,,[ECG] raw=861
1786012402.582496,13.208,ECG_RAW,raw,8,,,,,[ECG] raw=8
1786012402.582496,13.208,ECG_RAW,raw,2490,,,,,[ECG] raw=2490
1786012402.583495,13.209,ECG_RAW,raw,3932,,,,,[ECG] raw=3932
1786012402.601067,13.226,ECG_RAW,raw,3988,,,,,[ECG] raw=3988
1786012402.6020644,13.227,ECG_RAW,raw,1425,,,,,[ECG] raw=1425
1786012403.489997,14.115,ECG_DIAG,halves,9,total_samples,5000,overruns,0,[ECG] halves=9  total_samples=5000  overruns=0
1786012403.4920902,14.117,PPG,RED,888,IR,745,samples,32,[PPG] samples=32  RED=888  IR=745  sensor=OK
1786012403.5319233,14.157,IMU_ACCEL,ax,-2628,ay,4156,az,14428,[IMU] accel: ax=-2628  ay=4156  az=14428
1786012403.533923,14.159,IMU_GYRO,gx,-117,gy,529,gz,-612,[IMU] gyro:  gx=-117  gy=529  gz=-612
1786012403.9615407,14.587,ECG_RAW,raw,11,,,,,[ECG] raw=11
1786012403.9759505,14.601,ECG_RAW,raw,1813,,,,,[ECG] raw=1813
1786012403.9815001,14.607,ECG_RAW,raw,3712,,,,,[ECG] raw=3712
1786012403.9824824,14.608,ECG_RAW,raw,3931,,,,,[ECG] raw=3931
1786012403.9824824,14.608,ECG_RAW,raw,1632,,,,,[ECG] raw=1632
1786012404.0447495,14.670,ECG_RAW,raw,9,,,,,[ECG] raw=9
1786012404.0508904,14.676,ECG_RAW,raw,1110,,,,,[ECG] raw=1110
1786012404.051873,14.677,ECG_RAW,raw,3353,,,,,[ECG] raw=3353
1786012404.051873,14.677,ECG_RAW,raw,3910,,,,,[ECG] raw=3910
1786012404.051873,14.677,ECG_RAW,raw,2130,,,,,[ECG] raw=2130
1786012404.051873,14.677,ECG_RAW,raw,4,,,,,[ECG] raw=4
1786012404.051873,14.677,ECG_RAW,raw,630,,,,,[ECG] raw=630
1786012404.052871,14.678,ECG_RAW,raw,3051,,,,,[ECG] raw=3051
1786012404.052871,14.678,ECG_RAW,raw,3936,,,,,[ECG] raw=3936
1786012404.052871,14.678,ECG_RAW,raw,2332,,,,,[ECG] raw=2332
1786012404.052871,14.678,ECG_RAW,raw,9,,,,,[ECG] raw=9
1786012404.052871,14.678,ECG_RAW,raw,22,,,,,[ECG] raw=22
1786012404.0548723,14.680,ECG_RAW,raw,2787,,,,,[ECG] raw=2787
1786012404.0602026,14.685,ECG_RAW,raw,3846,,,,,[ECG] raw=3846
1786012404.084623,14.710,ECG_RAW,raw,2880,,,,,[ECG] raw=2880
1786012404.084623,14.710,ECG_RAW,raw,219,,,,,[ECG] raw=219
1786012404.08562,14.711,ECG_RAW,raw,4,,,,,[ECG] raw=4
1786012404.0877962,14.713,ECG_RAW,raw,2427,,,,,[ECG] raw=2427
1786012404.0877962,14.713,ECG_RAW,raw,3896,,,,,[ECG] raw=3896
1786012404.0877962,14.713,ECG_RAW,raw,3086,,,,,[ECG] raw=3086
1786012404.0958192,14.721,ECG_RAW,raw,488,,,,,[ECG] raw=488
1786012404.103064,14.728,ECG_RAW,raw,3,,,,,[ECG] raw=3
1786012404.1296427,14.755,ECG_RAW,raw,2206,,,,,[ECG] raw=2206
1786012404.1365461,14.762,ECG_RAW,raw,3765,,,,,[ECG] raw=3765
1786012404.1387784,14.764,ECG_RAW,raw,3296,,,,,[ECG] raw=3296
1786012404.143782,14.769,ECG_RAW,raw,768,,,,,[ECG] raw=768
1786012404.1489427,14.774,ECG_RAW,raw,4,,,,,[ECG] raw=4
1786012404.1489427,14.774,ECG_RAW,raw,2086,,,,,[ECG] raw=2086
1786012404.149938,14.775,ECG_RAW,raw,3401,,,,,[ECG] raw=3401
1786012404.149938,14.775,ECG_RAW,raw,2436,,,,,[ECG] raw=2436
1786012404.1539595,14.779,ECG_RAW,raw,1171,,,,,[ECG] raw=1171
1786012404.162231,14.787,ECG_RAW,raw,4,,,,,[ECG] raw=4
1786012404.186098,14.811,ECG_RAW,raw,1296,,,,,[ECG] raw=1296
1786012404.186098,14.811,ECG_RAW,raw,3512,,,,,[ECG] raw=3512
1786012404.186098,14.811,ECG_RAW,raw,3884,,,,,[ECG] raw=3884
1786012404.186098,14.811,ECG_RAW,raw,1689,,,,,[ECG] raw=1689
1786012404.186098,14.811,ECG_RAW,raw,9,,,,,[ECG] raw=9
1786012404.207148,14.832,ECG_RAW,raw,1080,,,,,[ECG] raw=1080
1786012404.2136867,14.839,ECG_RAW,raw,3433,,,,,[ECG] raw=3433
1786012404.228772,14.854,ECG_RAW,raw,3991,,,,,[ECG] raw=3991
1786012404.2311776,14.856,ECG_RAW,raw,2408,,,,,[ECG] raw=2408
1786012404.2311776,14.856,ECG_RAW,raw,5,,,,,[ECG] raw=5
1786012404.2321584,14.857,ECG_RAW,raw,638,,,,,[ECG] raw=638
1786012404.2341769,14.859,ECG_RAW,raw,3076,,,,,[ECG] raw=3076
1786012404.2423894,14.868,ECG_RAW,raw,3901,,,,,[ECG] raw=3901
1786012404.2463684,14.872,ECG_RAW,raw,2463,,,,,[ECG] raw=2463
1786012404.251588,14.877,ECG_RAW,raw,10,,,,,[ECG] raw=10
1786012404.279651,14.905,ECG_RAW,raw,81,,,,,[ECG] raw=81
1786012404.2856507,14.911,ECG_RAW,raw,2632,,,,,[ECG] raw=2632
1786012404.293881,14.919,ECG_RAW,raw,3891,,,,,[ECG] raw=3891
1786012404.2948806,14.920,ECG_RAW,raw,2955,,,,,[ECG] raw=2955
1786012404.2971413,14.922,ECG_RAW,raw,367,,,,,[ECG] raw=367
1786012404.3248122,14.950,ECG_RAW,raw,2,,,,,[ECG] raw=2
1786012404.3301678,14.955,ECG_RAW,raw,2433,,,,,[ECG] raw=2433
1786012404.3331654,14.958,ECG_RAW,raw,3924,,,,,[ECG] raw=3924
1786012404.3341703,14.959,ECG_RAW,raw,3315,,,,,[ECG] raw=3315
1786012404.340531,14.966,ECG_RAW,raw,600,,,,,[ECG] raw=600
1786012404.3414538,14.967,ECG_RAW,raw,7,,,,,[ECG] raw=7
1786012404.3414538,14.967,ECG_RAW,raw,2290,,,,,[ECG] raw=2290
1786012404.3445346,14.970,ECG_RAW,raw,3849,,,,,[ECG] raw=3849
1786012404.3699627,14.995,ECG_RAW,raw,3770,,,,,[ECG] raw=3770
1786012404.3773365,15.003,ECG_RAW,raw,1081,,,,,[ECG] raw=1081
1786012404.3773365,15.003,ECG_RAW,raw,3,,,,,[ECG] raw=3
1786012404.3783376,15.004,ECG_RAW,raw,2013,,,,,[ECG] raw=2013
1786012404.3823326,15.008,ECG_RAW,raw,3691,,,,,[ECG] raw=3691
1786012404.3833437,15.009,ECG_RAW,raw,3977,,,,,[ECG] raw=3977
1786012404.386348,15.012,ECG_RAW,raw,1702,,,,,[ECG] raw=1702
1786012404.3876762,15.013,ECG_RAW,raw,5,,,,,[ECG] raw=5
1786012404.3886802,15.014,ECG_RAW,raw,1693,,,,,[ECG] raw=1693
1786012404.3896768,15.015,ECG_RAW,raw,3588,,,,,[ECG] raw=3588
1786012404.3896768,15.015,ECG_RAW,raw,3991,,,,,[ECG] raw=3991
1786012404.3896768,15.015,ECG_RAW,raw,2241,,,,,[ECG] raw=2241
1786012404.3906822,15.016,ECG_RAW,raw,237,,,,,[ECG] raw=237
1786012404.3999863,15.025,ECG_RAW,raw,1213,,,,,[ECG] raw=1213
1786012404.4226406,15.048,ECG_RAW,raw,2744,,,,,[ECG] raw=2744
1786012404.4226406,15.048,ECG_RAW,raw,3987,,,,,[ECG] raw=3987
1786012404.4226406,15.048,ECG_RAW,raw,2681,,,,,[ECG] raw=2681
1786012404.4226406,15.048,ECG_RAW,raw,122,,,,,[ECG] raw=122
1786012404.441165,15.066,ECG_RAW,raw,891,,,,,[ECG] raw=891
1786012404.463274,15.089,ECG_RAW,raw,3402,,,,,[ECG] raw=3402
1786012404.4641793,15.089,ECG_RAW,raw,3987,,,,,[ECG] raw=3987
1786012404.4651823,15.090,ECG_RAW,raw,3325,,,,,[ECG] raw=3325
1786012404.4745166,15.100,ECG_RAW,raw,441,,,,,[ECG] raw=441
1786012404.4776304,15.103,ECG_RAW,raw,699,,,,,[ECG] raw=699
1786012404.4817252,15.107,ECG_RAW,raw,3328,,,,,[ECG] raw=3328
1786012404.4817252,15.107,ECG_RAW,raw,3988,,,,,[ECG] raw=3988
1786012404.511453,15.137,ECG_RAW,raw,3714,,,,,[ECG] raw=3714
1786012404.5198736,15.145,ECG_RAW,raw,700,,,,,[ECG] raw=700
1786012404.5257788,15.151,ECG_RAW,raw,96,,,,,[ECG] raw=96
1786012404.527519,15.153,ECG_RAW,raw,2711,,,,,[ECG] raw=2711
1786012404.5305464,15.156,ECG_RAW,raw,3944,,,,,[ECG] raw=3944
1786012404.5593302,15.185,ECG_RAW,raw,3661,,,,,[ECG] raw=3661
1786012404.5663328,15.192,ECG_RAW,raw,820,,,,,[ECG] raw=820
1786012404.567478,15.193,ECG_RAW,raw,4,,,,,[ECG] raw=4
1786012404.5734587,15.199,ECG_RAW,raw,2238,,,,,[ECG] raw=2238
1786012404.5765476,15.202,ECG_RAW,raw,3911,,,,,[ECG] raw=3911
1786012404.6031773,15.228,ECG_RAW,raw,3743,,,,,[ECG] raw=3743
1786012404.6104746,15.236,ECG_RAW,raw,1284,,,,,[ECG] raw=1284
1786012404.6114676,15.237,ECG_RAW,raw,5,,,,,[ECG] raw=5
1786012404.6145728,15.240,ECG_RAW,raw,1650,,,,,[ECG] raw=1650
1786012404.6197815,15.245,ECG_RAW,raw,3707,,,,,[ECG] raw=3707
1786012404.6197815,15.245,ECG_RAW,raw,3989,,,,,[ECG] raw=3989
1786012404.6207924,15.246,ECG_RAW,raw,1928,,,,,[ECG] raw=1928
1786012404.6207924,15.246,ECG_RAW,raw,4,,,,,[ECG] raw=4
1786012404.6217847,15.247,ECG_RAW,raw,1355,,,,,[ECG] raw=1355
1786012404.6217847,15.247,ECG_RAW,raw,3460,,,,,[ECG] raw=3460
1786012404.6217847,15.247,ECG_RAW,raw,3987,,,,,[ECG] raw=3987
1786012404.6226888,15.248,ECG_RAW,raw,2049,,,,,[ECG] raw=2049
1786012404.6226888,15.248,ECG_RAW,raw,5,,,,,[ECG] raw=5
1786012404.6226888,15.248,ECG_RAW,raw,856,,,,,[ECG] raw=856
1786012404.6226888,15.248,ECG_RAW,raw,3322,,,,,[ECG] raw=3322
1786012404.6226888,15.248,ECG_RAW,raw,3983,,,,,[ECG] raw=3983
1786012404.6226888,15.248,ECG_RAW,raw,2424,,,,,[ECG] raw=2424
1786012404.6226888,15.248,ECG_RAW,raw,92,,,,,[ECG] raw=92
1786012404.6256878,15.251,ECG_RAW,raw,952,,,,,[ECG] raw=952
1786012404.628565,15.254,ECG_RAW,raw,2225,,,,,[ECG] raw=2225
1786012404.6562324,15.281,ECG_RAW,raw,3497,,,,,[ECG] raw=3497
1786012404.6562324,15.281,ECG_RAW,raw,3041,,,,,[ECG] raw=3041
1786012404.6562324,15.281,ECG_RAW,raw,249,,,,,[ECG] raw=249
1786012404.6584992,15.284,ECG_RAW,raw,8,,,,,[ECG] raw=8
1786012404.6664104,15.292,ECG_RAW,raw,2864,,,,,[ECG] raw=2864
1786012404.673698,15.299,ECG_RAW,raw,3961,,,,,[ECG] raw=3961
1786012404.6746945,15.300,ECG_RAW,raw,3486,,,,,[ECG] raw=3486
1786012405.530616,16.156,ECG_DIAG,halves,10,total_samples,5500,overruns,0,[ECG] halves=10  total_samples=5500  overruns=0
1786012405.536608,16.162,PPG,RED,888,IR,745,samples,32,[PPG] samples=32  RED=888  IR=745  sensor=OK
1786012405.5459409,16.171,IMU_ACCEL,ax,-7432,ay,2896,az,4576,[IMU] accel: ax=-7432  ay=2896  az=4576
1786012405.5472178,16.172,IMU_GYRO,gx,-30027,gy,-32205,gz,-18618,[IMU] gyro:  gx=-30027  gy=-32205  gz=-18618
1786012406.0547557,16.680,ECG_RAW,raw,568,,,,,[ECG] raw=568
1786012406.0547557,16.680,ECG_RAW,raw,0,,,,,[ECG] raw=0
1786012406.0547557,16.680,ECG_RAW,raw,2674,,,,,[ECG] raw=2674
1786012406.0547557,16.680,ECG_RAW,raw,3907,,,,,[ECG] raw=3907
1786012406.0557528,16.681,ECG_RAW,raw,3773,,,,,[ECG] raw=3773
1786012406.067289,16.693,ECG_RAW,raw,941,,,,,[ECG] raw=941
1786012406.0682883,16.694,ECG_RAW,raw,3,,,,,[ECG] raw=3
1786012406.0740862,16.699,ECG_RAW,raw,2045,,,,,[ECG] raw=2045
1786012406.076086,16.701,ECG_RAW,raw,3845,,,,,[ECG] raw=3845
1786012406.1027167,16.728,ECG_RAW,raw,3671,,,,,[ECG] raw=3671
1786012406.1027167,16.728,ECG_RAW,raw,1061,,,,,[ECG] raw=1061
1786012406.1091003,16.734,ECG_RAW,raw,3,,,,,[ECG] raw=3
1786012406.1091003,16.734,ECG_RAW,raw,1539,,,,,[ECG] raw=1539
1786012406.1121428,16.737,ECG_RAW,raw,3601,,,,,[ECG] raw=3601
1786012406.1184816,16.744,ECG_RAW,raw,3886,,,,,[ECG] raw=3886
1786012406.1194882,16.745,ECG_RAW,raw,1634,,,,,[ECG] raw=1634
1786012406.1204853,16.746,ECG_RAW,raw,4,,,,,[ECG] raw=4
1786012406.1332169,16.758,ECG_RAW,raw,991,,,,,[ECG] raw=991
1786012406.1477127,16.773,ECG_RAW,raw,3398,,,,,[ECG] raw=3398
1786012406.155711,16.781,ECG_RAW,raw,3956,,,,,[ECG] raw=3956
1786012406.1589074,16.784,ECG_RAW,raw,2071,,,,,[ECG] raw=2071
1786012406.160907,16.786,ECG_RAW,raw,4,,,,,[ECG] raw=4
1786012406.160907,16.786,ECG_RAW,raw,661,,,,,[ECG] raw=661
1786012406.163887,16.789,ECG_RAW,raw,3234,,,,,[ECG] raw=3234
1786012406.164892,16.790,ECG_RAW,raw,3976,,,,,[ECG] raw=3976
1786012406.1915648,16.817,ECG_RAW,raw,2578,,,,,[ECG] raw=2578
1786012406.1966598,16.822,ECG_RAW,raw,5,,,,,[ECG] raw=5
1786012406.1966598,16.822,ECG_RAW,raw,84,,,,,[ECG] raw=84
1786012406.200039,16.825,ECG_RAW,raw,3003,,,,,[ECG] raw=3003
1786012406.200039,16.825,ECG_RAW,raw,3983,,,,,[ECG] raw=3983
1786012406.2060413,16.831,ECG_RAW,raw,3414,,,,,[ECG] raw=3414
1786012406.2092829,16.835,ECG_RAW,raw,17,,,,,[ECG] raw=17
1786012406.2101893,16.835,ECG_RAW,raw,2,,,,,[ECG] raw=2
1786012406.211273,16.837,ECG_RAW,raw,2717,,,,,[ECG] raw=2717
1786012406.211273,16.837,ECG_RAW,raw,3978,,,,,[ECG] raw=3978
1786012406.2163725,16.842,ECG_RAW,raw,3260,,,,,[ECG] raw=3260
1786012406.220684,16.846,ECG_RAW,raw,460,,,,,[ECG] raw=460
1786012406.245659,16.871,ECG_RAW,raw,3,,,,,[ECG] raw=3
1786012406.245659,16.871,ECG_RAW,raw,2584,,,,,[ECG] raw=2584
1786012406.245659,16.871,ECG_RAW,raw,3981,,,,,[ECG] raw=3981
1786012406.245659,16.871,ECG_RAW,raw,3763,,,,,[ECG] raw=3763
1786012406.2488296,16.874,ECG_RAW,raw,971,,,,,[ECG] raw=971
1786012406.2570279,16.882,ECG_RAW,raw,3,,,,,[ECG] raw=3
1786012406.2665634,16.892,ECG_RAW,raw,2460,,,,,[ECG] raw=2460
1786012406.3187408,16.944,ECG_RAW,raw,3948,,,,,[ECG] raw=3948
1786012406.3197446,16.945,ECG_RAW,raw,3958,,,,,[ECG] raw=3958
1786012406.3197446,16.945,ECG_RAW,raw,1198,,,,,[ECG] raw=1198
1786012406.3217432,16.947,ECG_RAW,raw,3,,,,,[ECG] raw=3
1786012406.322743,16.948,ECG_RAW,raw,1718,,,,,[ECG] raw=1718
1786012406.322743,16.948,ECG_RAW,raw,3677,,,,,[ECG] raw=3677
1786012406.3325362,16.958,ECG_RAW,raw,3907,,,,,[ECG] raw=3907
1786012406.3325362,16.958,ECG_RAW,raw,1415,,,,,[ECG] raw=1415
1786012406.3387976,16.964,ECG_RAW,raw,1,,,,,[ECG] raw=1
1786012406.3387976,16.964,ECG_RAW,raw,1241,,,,,[ECG] raw=1241
1786012406.3408155,16.966,ECG_RAW,raw,3532,,,,,[ECG] raw=3532
1786012406.368979,16.994,ECG_RAW,raw,3984,,,,,[ECG] raw=3984
1786012406.3769755,17.002,ECG_RAW,raw,2204,,,,,[ECG] raw=2204
1786012406.3781898,17.003,ECG_RAW,raw,4,,,,,[ECG] raw=4
1786012406.3791976,17.004,ECG_RAW,raw,630,,,,,[ECG] raw=630
1786012406.3791976,17.004,ECG_RAW,raw,3308,,,,,[ECG] raw=3308
1786012406.3841996,17.009,ECG_RAW,raw,3985,,,,,[ECG] raw=3985
1786012406.385198,17.010,ECG_RAW,raw,2861,,,,,[ECG] raw=2861
1786012406.3862,17.011,ECG_RAW,raw,165,,,,,[ECG] raw=165
1786012406.3862,17.011,ECG_RAW,raw,51,,,,,[ECG] raw=51
1786012406.4200318,17.045,ECG_RAW,raw,3043,,,,,[ECG] raw=3043
1786012406.4237838,17.049,ECG_RAW,raw,3967,,,,,[ECG] raw=3967
1786012406.4257636,17.051,ECG_RAW,raw,2990,,,,,[ECG] raw=2990
1786012406.4286892,17.054,ECG_RAW,raw,465,,,,,[ECG] raw=465
1786012406.4286892,17.054,ECG_RAW,raw,5,,,,,[ECG] raw=5
1786012406.4560359,17.081,ECG_RAW,raw,2605,,,,,[ECG] raw=2605
1786012406.4612994,17.087,ECG_RAW,raw,3975,,,,,[ECG] raw=3975
1786012406.4642353,17.089,ECG_RAW,raw,2245,,,,,[ECG] raw=2245
1786012406.4642353,17.089,ECG_RAW,raw,768,,,,,[ECG] raw=768
1786012406.4642353,17.089,ECG_RAW,raw,4,,,,,[ECG] raw=4
1786012406.4642353,17.089,ECG_RAW,raw,1790,,,,,[ECG] raw=1790
1786012406.4653194,17.091,ECG_RAW,raw,3897,,,,,[ECG] raw=3897
1786012406.4653194,17.091,ECG_RAW,raw,3926,,,,,[ECG] raw=3926
1786012406.4653194,17.091,ECG_RAW,raw,1355,,,,,[ECG] raw=1355
1786012406.4653194,17.091,ECG_RAW,raw,4,,,,,[ECG] raw=4
1786012406.4653194,17.091,ECG_RAW,raw,1497,,,,,[ECG] raw=1497
1786012406.4653194,17.091,ECG_RAW,raw,3846,,,,,[ECG] raw=3846
1786012406.4714594,17.097,ECG_RAW,raw,3997,,,,,[ECG] raw=3997
1786012406.4744394,17.100,ECG_RAW,raw,2090,,,,,[ECG] raw=2090
1786012406.4767895,17.102,ECG_RAW,raw,2,,,,,[ECG] raw=2
1786012406.4855978,17.111,ECG_RAW,raw,1112,,,,,[ECG] raw=1112
1786012406.5141714,17.139,ECG_RAW,raw,3702,,,,,[ECG] raw=3702
1786012406.515164,17.140,ECG_RAW,raw,3992,,,,,[ECG] raw=3992
1786012406.515164,17.140,ECG_RAW,raw,2175,,,,,[ECG] raw=2175
1786012406.515164,17.140,ECG_RAW,raw,0,,,,,[ECG] raw=0
1786012406.515164,17.140,ECG_RAW,raw,315,,,,,[ECG] raw=315
1786012406.516168,17.141,ECG_RAW,raw,3449,,,,,[ECG] raw=3449
1786012406.5326464,17.158,ECG_RAW,raw,3965,,,,,[ECG] raw=3965
1786012406.5326464,17.158,ECG_RAW,raw,2641,,,,,[ECG] raw=2641
1786012406.5564768,17.182,ECG_RAW,raw,59,,,,,[ECG] raw=59
1786012406.5586495,17.184,ECG_RAW,raw,5,,,,,[ECG] raw=5
1786012406.5697742,17.195,ECG_RAW,raw,3144,,,,,[ECG] raw=3144
1786012406.5707674,17.196,ECG_RAW,raw,3980,,,,,[ECG] raw=3980
1786012406.5747664,17.200,ECG_RAW,raw,3067,,,,,[ECG] raw=3067
1786012406.5747664,17.200,ECG_RAW,raw,236,,,,,[ECG] raw=236
1786012406.576964,17.202,ECG_RAW,raw,2,,,,,[ECG] raw=2
1786012406.576964,17.202,ECG_RAW,raw,2660,,,,,[ECG] raw=2660
1786012406.5915594,17.217,ECG_RAW,raw,3985,,,,,[ECG] raw=3985
1786012406.612202,17.237,ECG_RAW,raw,3447,,,,,[ECG] raw=3447
1786012406.6141844,17.239,ECG_RAW,raw,473,,,,,[ECG] raw=473
1786012406.6153028,17.241,ECG_RAW,raw,9,,,,,[ECG] raw=9
1786012406.6204689,17.246,ECG_RAW,raw,2250,,,,,[ECG] raw=2250
1786012406.6224494,17.248,ECG_RAW,raw,3982,,,,,[ECG] raw=3982
1786012406.6224494,17.248,ECG_RAW,raw,3572,,,,,[ECG] raw=3572
1786012406.6244686,17.250,ECG_RAW,raw,1042,,,,,[ECG] raw=1042
1786012406.6254485,17.251,ECG_RAW,raw,280,,,,,[ECG] raw=280
1786012406.6505585,17.276,ECG_RAW,raw,1433,,,,,[ECG] raw=1433
1786012406.6555588,17.281,ECG_RAW,raw,3956,,,,,[ECG] raw=3956
1786012406.657667,17.283,ECG_RAW,raw,3920,,,,,[ECG] raw=3920
1786012406.6626658,17.288,ECG_RAW,raw,563,,,,,[ECG] raw=563
1786012406.663663,17.289,ECG_RAW,raw,3,,,,,[ECG] raw=3
1786012406.6656842,17.291,ECG_RAW,raw,2514,,,,,[ECG] raw=2514
1786012406.692882,17.318,ECG_RAW,raw,3957,,,,,[ECG] raw=3957
1786012406.6980324,17.323,ECG_RAW,raw,3986,,,,,[ECG] raw=3986
1786012406.7000327,17.325,ECG_RAW,raw,1257,,,,,[ECG] raw=1257
1786012406.7010326,17.326,ECG_RAW,raw,10,,,,,[ECG] raw=10
1786012406.7060323,17.331,ECG_RAW,raw,2469,,,,,[ECG] raw=2469
1786012406.7081084,17.333,ECG_RAW,raw,3934,,,,,[ECG] raw=3934
1786012406.7111075,17.336,ECG_RAW,raw,3982,,,,,[ECG] raw=3982
1786012406.7121077,17.337,ECG_RAW,raw,1558,,,,,[ECG] raw=1558
1786012406.7131073,17.338,ECG_RAW,raw,4,,,,,[ECG] raw=4
1786012406.7131073,17.338,ECG_RAW,raw,1624,,,,,[ECG] raw=1624
1786012406.7141094,17.339,ECG_RAW,raw,3476,,,,,[ECG] raw=3476
1786012406.720352,17.346,ECG_RAW,raw,3692,,,,,[ECG] raw=3692
1786012407.5487273,18.174,ECG_DIAG,halves,11,total_samples,6000,overruns,0,[ECG] halves=11  total_samples=6000  overruns=0
1786012407.5502012,18.175,PPG,RED,888,IR,745,samples,32,[PPG] samples=32  RED=888  IR=745  sensor=OK
1786012407.587552,18.213,IMU_ACCEL,ax,-2068,ay,-3256,az,19144,[IMU] accel: ax=-2068  ay=-3256  az=19144
1786012407.5905569,18.216,IMU_GYRO,gx,1848,gy,13735,gz,60,[IMU] gyro:  gx=1848  gy=13735  gz=60
1786012408.0888429,18.714,ECG_RAW,raw,1928,,,,,[ECG] raw=1928
1786012408.0888429,18.714,ECG_RAW,raw,5,,,,,[ECG] raw=5
1786012408.1291506,18.754,ECG_RAW,raw,1143,,,,,[ECG] raw=1143
1786012408.1311495,18.756,ECG_RAW,raw,3013,,,,,[ECG] raw=3013
1786012408.1321468,18.757,ECG_RAW,raw,3478,,,,,[ECG] raw=3478
1786012408.1405845,18.766,ECG_RAW,raw,2184,,,,,[ECG] raw=2184
1786012408.1405845,18.766,ECG_RAW,raw,6,,,,,[ECG] raw=6
1786012408.1405845,18.766,ECG_RAW,raw,904,,,,,[ECG] raw=904
1786012408.1405845,18.766,ECG_RAW,raw,2736,,,,,[ECG] raw=2736
1786012408.1405845,18.766,ECG_RAW,raw,3939,,,,,[ECG] raw=3939
1786012408.1405845,18.766,ECG_RAW,raw,2095,,,,,[ECG] raw=2095
1786012408.1485133,18.774,ECG_RAW,raw,149,,,,,[ECG] raw=149
1786012408.1485133,18.774,ECG_RAW,raw,462,,,,,[ECG] raw=462
1786012408.1776273,18.803,ECG_RAW,raw,2781,,,,,[ECG] raw=2781
1786012408.1786292,18.804,ECG_RAW,raw,3631,,,,,[ECG] raw=3631
1786012408.184146,18.809,ECG_RAW,raw,2795,,,,,[ECG] raw=2795
1786012408.187321,18.813,ECG_RAW,raw,657,,,,,[ECG] raw=657
1786012408.187321,18.813,ECG_RAW,raw,690,,,,,[ECG] raw=690
1786012408.1933258,18.819,ECG_RAW,raw,2678,,,,,[ECG] raw=2678
1786012408.2201402,18.845,ECG_RAW,raw,3228,,,,,[ECG] raw=3228
1786012408.2256489,18.851,ECG_RAW,raw,3502,,,,,[ECG] raw=3502
1786012408.2266479,18.852,ECG_RAW,raw,1548,,,,,[ECG] raw=1548
1786012408.2333055,18.859,ECG_RAW,raw,774,,,,,[ECG] raw=774
1786012408.2343104,18.860,ECG_RAW,raw,2157,,,,,[ECG] raw=2157
1786012408.2355034,18.861,ECG_RAW,raw,3446,,,,,[ECG] raw=3446
1786012408.2355034,18.861,ECG_RAW,raw,3482,,,,,[ECG] raw=3482
1786012408.2387815,18.864,ECG_RAW,raw,2184,,,,,[ECG] raw=2184
1786012408.2597136,18.885,ECG_RAW,raw,789,,,,,[ECG] raw=789
1786012408.2672265,18.892,ECG_RAW,raw,1758,,,,,[ECG] raw=1758
1786012408.2692263,18.894,ECG_RAW,raw,3103,,,,,[ECG] raw=3103
1786012408.2737374,18.899,ECG_RAW,raw,3504,,,,,[ECG] raw=3504
1786012408.277745,18.903,ECG_RAW,raw,2319,,,,,[ECG] raw=2319
1786012408.2787428,18.904,ECG_RAW,raw,635,,,,,[ECG] raw=635
1786012408.2787428,18.904,ECG_RAW,raw,1234,,,,,[ECG] raw=1234
1786012408.2787428,18.904,ECG_RAW,raw,2765,,,,,[ECG] raw=2765
1786012408.284742,18.910,ECG_RAW,raw,3569,,,,,[ECG] raw=3569
1786012408.2857418,18.911,ECG_RAW,raw,2038,,,,,[ECG] raw=2038
1786012408.313959,18.939,ECG_RAW,raw,0,,,,,[ECG] raw=0
1786012408.313959,18.939,ECG_RAW,raw,885,,,,,[ECG] raw=885
1786012408.313959,18.939,ECG_RAW,raw,3052,,,,,[ECG] raw=3052
1786012408.3159606,18.941,ECG_RAW,raw,3749,,,,,[ECG] raw=3749
1786012408.3324249,18.958,ECG_RAW,raw,2309,,,,,[ECG] raw=2309
1786012408.3324249,18.958,ECG_RAW,raw,102,,,,,[ECG] raw=102
1786012408.3547518,18.980,ECG_RAW,raw,657,,,,,[ECG] raw=657
1786012408.357541,18.983,ECG_RAW,raw,2962,,,,,[ECG] raw=2962
1786012408.357541,18.983,ECG_RAW,raw,3718,,,,,[ECG] raw=3718
1786012408.357541,18.983,ECG_RAW,raw,2540,,,,,[ECG] raw=2540
1786012408.3585823,18.984,ECG_RAW,raw,181,,,,,[ECG] raw=181
1786012408.3585823,18.984,ECG_RAW,raw,72,,,,,[ECG] raw=72
1786012408.3696446,18.995,ECG_RAW,raw,2823,,,,,[ECG] raw=2823
1786012408.3736446,18.999,ECG_RAW,raw,3921,,,,,[ECG] raw=3921
1786012408.4125588,19.038,ECG_RAW,raw,3127,,,,,[ECG] raw=3127
1786012408.4155588,19.041,ECG_RAW,raw,794,,,,,[ECG] raw=794
1786012408.4208233,19.046,ECG_RAW,raw,15,,,,,[ECG] raw=15
1786012408.4208233,19.046,ECG_RAW,raw,1957,,,,,[ECG] raw=1957
1786012408.4208233,19.046,ECG_RAW,raw,3929,,,,,[ECG] raw=3929
1786012408.4228027,19.048,ECG_RAW,raw,3512,,,,,[ECG] raw=3512
1786012408.4238,19.049,ECG_RAW,raw,1131,,,,,[ECG] raw=1131
1786012408.432102,19.057,ECG_RAW,raw,4,,,,,[ECG] raw=4
1786012408.4537334,19.079,ECG_RAW,raw,2153,,,,,[ECG] raw=2153
1786012408.456836,19.082,ECG_RAW,raw,3838,,,,,[ECG] raw=3838
1786012408.4613657,19.087,ECG_RAW,raw,3958,,,,,[ECG] raw=3958
1786012408.4613657,19.087,ECG_RAW,raw,1466,,,,,[ECG] raw=1466
1786012408.4873545,19.113,ECG_RAW,raw,2,,,,,[ECG] raw=2
1786012408.492886,19.118,ECG_RAW,raw,2193,,,,,[ECG] raw=2193
1786012408.4948845,19.120,ECG_RAW,raw,3942,,,,,[ECG] raw=3942
1786012408.4999928,19.125,ECG_RAW,raw,3998,,,,,[ECG] raw=3998
1786012408.5039911,19.129,ECG_RAW,raw,1481,,,,,[ECG] raw=1481
1786012408.5039911,19.129,ECG_RAW,raw,0,,,,,[ECG] raw=0
1786012408.5039911,19.129,ECG_RAW,raw,1846,,,,,[ECG] raw=1846
1786012408.5039911,19.129,ECG_RAW,raw,3777,,,,,[ECG] raw=3777
1786012408.5039911,19.129,ECG_RAW,raw,3971,,,,,[ECG] raw=3971
1786012408.5054963,19.131,ECG_RAW,raw,1293,,,,,[ECG] raw=1293
1786012408.5054963,19.131,ECG_RAW,raw,0,,,,,[ECG] raw=0
1786012408.5127475,19.138,ECG_RAW,raw,1285,,,,,[ECG] raw=1285
1786012408.539412,19.165,ECG_RAW,raw,3736,,,,,[ECG] raw=3736
1786012408.5403829,19.166,ECG_RAW,raw,3990,,,,,[ECG] raw=3990
1786012408.5403829,19.166,ECG_RAW,raw,1665,,,,,[ECG] raw=1665
1786012408.5403829,19.166,ECG_RAW,raw,3,,,,,[ECG] raw=3
1786012408.5424738,19.168,ECG_RAW,raw,570,,,,,[ECG] raw=570
1786012408.5424738,19.168,ECG_RAW,raw,3571,,,,,[ECG] raw=3571
1786012408.558307,19.184,ECG_RAW,raw,3992,,,,,[ECG] raw=3992
1786012408.558307,19.184,ECG_RAW,raw,2131,,,,,[ECG] raw=2131
1786012408.6093047,19.235,ECG_RAW,raw,9,,,,,[ECG] raw=9
1786012408.6103013,19.236,ECG_RAW,raw,2,,,,,[ECG] raw=2
1786012408.6194816,19.245,ECG_RAW,raw,3282,,,,,[ECG] raw=3282
1786012408.621474,19.247,ECG_RAW,raw,3988,,,,,[ECG] raw=3988
1786012408.6275349,19.253,ECG_RAW,raw,3980,,,,,[ECG] raw=3980
1786012408.6295297,19.255,ECG_RAW,raw,486,,,,,[ECG] raw=486
1786012408.6295297,19.255,ECG_RAW,raw,4,,,,,[ECG] raw=4
1786012408.6574678,19.283,ECG_RAW,raw,2581,,,,,[ECG] raw=2581
1786012408.6634858,19.289,ECG_RAW,raw,3929,,,,,[ECG] raw=3929
1786012408.666643,19.292,ECG_RAW,raw,3974,,,,,[ECG] raw=3974
1786012408.666643,19.292,ECG_RAW,raw,1724,,,,,[ECG] raw=1724
1786012408.672735,19.298,ECG_RAW,raw,3,,,,,[ECG] raw=3
1786012408.672735,19.298,ECG_RAW,raw,19,,,,,[ECG] raw=19
1786012408.672735,19.298,ECG_RAW,raw,5,,,,,[ECG] raw=5
1786012408.6737378,19.299,ECG_RAW,raw,3,,,,,[ECG] raw=3
1786012408.6737378,19.299,ECG_RAW,raw,11,,,,,[ECG] raw=11
1786012408.674735,19.300,ECG_RAW,raw,4,,,,,[ECG] raw=4
1786012408.674735,19.300,ECG_RAW,raw,3,,,,,[ECG] raw=3
1786012408.7004619,19.326,ECG_RAW,raw,2,,,,,[ECG] raw=2
1786012408.7086482,19.334,ECG_RAW,raw,0,,,,,[ECG] raw=0
1786012408.7115815,19.337,ECG_RAW,raw,7,,,,,[ECG] raw=7
1786012408.716426,19.342,ECG_RAW,raw,4,,,,,[ECG] raw=4
1786012408.7176218,19.343,ECG_RAW,raw,1919,,,,,[ECG] raw=1919
1786012408.7196455,19.345,ECG_RAW,raw,3589,,,,,[ECG] raw=3589
1786012408.7427697,19.368,ECG_RAW,raw,4006,,,,,[ECG] raw=4006
1786012408.754728,19.380,ECG_RAW,raw,4002,,,,,[ECG] raw=4002
1786012408.7557278,19.381,ECG_RAW,raw,4005,,,,,[ECG] raw=4005
1786012408.7598782,19.385,ECG_RAW,raw,4000,,,,,[ECG] raw=4000
1786012408.7598782,19.385,ECG_RAW,raw,3983,,,,,[ECG] raw=3983
1786012408.7598782,19.385,ECG_RAW,raw,4004,,,,,[ECG] raw=4004
1786012408.7598782,19.385,ECG_RAW,raw,4001,,,,,[ECG] raw=4001
1786012408.7612393,19.386,ECG_RAW,raw,3802,,,,,[ECG] raw=3802
1786012408.7618186,19.387,ECG_RAW,raw,3673,,,,,[ECG] raw=3673
1786012408.7618186,19.387,ECG_RAW,raw,1203,,,,,[ECG] raw=1203
1786012408.7628236,19.388,ECG_RAW,raw,2346,,,,,[ECG] raw=2346
1786012408.7628236,19.388,ECG_RAW,raw,386,,,,,[ECG] raw=386
1786012408.7628236,19.388,ECG_RAW,raw,3,,,,,[ECG] raw=3
1786012408.7628236,19.388,ECG_RAW,raw,4,,,,,[ECG] raw=4
1786012408.7658432,19.391,ECG_RAW,raw,354,,,,,[ECG] raw=354
1786012408.770032,19.395,ECG_RAW,raw,1558,,,,,[ECG] raw=1558
1786012408.7966514,19.422,ECG_RAW,raw,2,,,,,[ECG] raw=2
1786012408.7966514,19.422,ECG_RAW,raw,5,,,,,[ECG] raw=5
1786012408.7966514,19.422,ECG_RAW,raw,5,,,,,[ECG] raw=5
1786012408.7977524,19.423,ECG_RAW,raw,1433,,,,,[ECG] raw=1433
1786012408.7987545,19.424,ECG_RAW,raw,2988,,,,,[ECG] raw=2988
1786012409.5382233,20.163,ECG_DIAG,halves,12,total_samples,6500,overruns,0,[ECG] halves=12  total_samples=6500  overruns=0
1786012409.549373,20.175,PPG,RED,888,IR,745,samples,32,[PPG] samples=32  RED=888  IR=745  sensor=OK
1786012409.5533755,20.179,IMU_ACCEL,ax,-4468,ay,1004,az,13140,[IMU] accel: ax=-4468  ay=1004  az=13140
1786012409.5575774,20.183,IMU_GYRO,gx,-661,gy,4560,gz,1392,[IMU] gyro:  gx=-661  gy=4560  gz=1392
1786012410.1648712,20.790,ECG_RAW,raw,3999,,,,,[ECG] raw=3999
1786012410.1659522,20.791,ECG_RAW,raw,4001,,,,,[ECG] raw=4001
1786012410.1673262,20.793,ECG_RAW,raw,3869,,,,,[ECG] raw=3869
1786012410.1683698,20.794,ECG_RAW,raw,3995,,,,,[ECG] raw=3995
1786012410.1763558,20.802,ECG_RAW,raw,4004,,,,,[ECG] raw=4004
1786012410.1763558,20.802,ECG_RAW,raw,4009,,,,,[ECG] raw=4009
1786012410.1790512,20.804,ECG_RAW,raw,4000,,,,,[ECG] raw=4000
1786012410.183051,20.808,ECG_RAW,raw,2412,,,,,[ECG] raw=2412
1786012410.1850245,20.810,ECG_RAW,raw,3876,,,,,[ECG] raw=3876
1786012410.2208567,20.846,ECG_RAW,raw,4006,,,,,[ECG] raw=4006
1786012410.223968,20.849,ECG_RAW,raw,4003,,,,,[ECG] raw=4003
1786012410.2248645,20.850,ECG_RAW,raw,3970,,,,,[ECG] raw=3970
1786012410.229337,20.855,ECG_RAW,raw,890,,,,,[ECG] raw=890
1786012410.2302563,20.855,ECG_RAW,raw,2484,,,,,[ECG] raw=2484
1786012410.2302563,20.855,ECG_RAW,raw,4002,,,,,[ECG] raw=4002
1786012410.2313457,20.857,ECG_RAW,raw,4003,,,,,[ECG] raw=4003
1786012410.2584472,20.884,ECG_RAW,raw,3992,,,,,[ECG] raw=3992
1786012410.2593477,20.885,ECG_RAW,raw,190,,,,,[ECG] raw=190
1786012410.2674673,20.893,ECG_RAW,raw,926,,,,,[ECG] raw=926
1786012410.2684724,20.894,ECG_RAW,raw,3987,,,,,[ECG] raw=3987
1786012410.2725708,20.898,ECG_RAW,raw,4001,,,,,[ECG] raw=4001
1786012410.2734752,20.899,ECG_RAW,raw,3915,,,,,[ECG] raw=3915
1786012410.2734752,20.899,ECG_RAW,raw,187,,,,,[ECG] raw=187
1786012410.2745664,20.900,ECG_RAW,raw,3,,,,,[ECG] raw=3
1786012410.2755663,20.901,ECG_RAW,raw,3719,,,,,[ECG] raw=3719
1786012410.3096538,20.935,ECG_RAW,raw,4002,,,,,[ECG] raw=4002
1786012410.311652,20.937,ECG_RAW,raw,3763,,,,,[ECG] raw=3763
1786012410.3165972,20.942,ECG_RAW,raw,222,,,,,[ECG] raw=222
1786012410.3169117,20.942,ECG_RAW,raw,3,,,,,[ECG] raw=3
1786012410.3169117,20.942,ECG_RAW,raw,3157,,,,,[ECG] raw=3157
1786012410.3179533,20.943,ECG_RAW,raw,4001,,,,,[ECG] raw=4001
1786012410.3179533,20.943,ECG_RAW,raw,3059,,,,,[ECG] raw=3059
1786012410.3179533,20.943,ECG_RAW,raw,364,,,,,[ECG] raw=364
1786012410.3219514,20.947,ECG_RAW,raw,3,,,,,[ECG] raw=3
1786012410.3305235,20.956,ECG_RAW,raw,3,,,,,[ECG] raw=3
1786012410.3526297,20.978,ECG_RAW,raw,4,,,,,[ECG] raw=4
1786012410.3526297,20.978,ECG_RAW,raw,5,,,,,[ECG] raw=5
1786012410.3526297,20.978,ECG_RAW,raw,4,,,,,[ECG] raw=4
1786012410.3526297,20.978,ECG_RAW,raw,10,,,,,[ECG] raw=10
1786012410.3721778,20.997,ECG_RAW,raw,9,,,,,[ECG] raw=9
1786012410.3721778,20.997,ECG_RAW,raw,0,,,,,[ECG] raw=0
1786012410.3721778,20.997,ECG_RAW,raw,4,,,,,[ECG] raw=4
1786012410.3934097,21.019,ECG_RAW,raw,4,,,,,[ECG] raw=4
1786012410.4077394,21.033,ECG_RAW,raw,14,,,,,[ECG] raw=14
1786012410.4077394,21.033,ECG_RAW,raw,3,,,,,[ECG] raw=3
1786012410.4077394,21.033,ECG_RAW,raw,7,,,,,[ECG] raw=7
1786012410.4107876,21.036,ECG_RAW,raw,4,,,,,[ECG] raw=4
1786012410.4127877,21.038,ECG_RAW,raw,4,,,,,[ECG] raw=4
1786012410.4127877,21.038,ECG_RAW,raw,3,,,,,[ECG] raw=3
1786012410.4190407,21.044,ECG_RAW,raw,3,,,,,[ECG] raw=3
1786012410.420023,21.045,ECG_RAW,raw,1813,,,,,[ECG] raw=1813
1786012410.4466121,21.072,ECG_RAW,raw,2435,,,,,[ECG] raw=2435
1786012410.45186,21.077,ECG_RAW,raw,894,,,,,[ECG] raw=894
1786012410.45186,21.077,ECG_RAW,raw,3,,,,,[ECG] raw=3
1786012410.452767,21.078,ECG_RAW,raw,882,,,,,[ECG] raw=882
1786012410.4601576,21.085,ECG_RAW,raw,3984,,,,,[ECG] raw=3984
1786012410.4621637,21.087,ECG_RAW,raw,4001,,,,,[ECG] raw=4001
1786012410.4621637,21.087,ECG_RAW,raw,4010,,,,,[ECG] raw=4010
1786012410.4882874,21.114,ECG_RAW,raw,4008,,,,,[ECG] raw=4008
1786012410.4942825,21.120,ECG_RAW,raw,3997,,,,,[ECG] raw=3997
1786012410.4962842,21.122,ECG_RAW,raw,4008,,,,,[ECG] raw=4008
1786012410.5006628,21.126,ECG_RAW,raw,4002,,,,,[ECG] raw=4002
1786012410.5026681,21.128,ECG_RAW,raw,4010,,,,,[ECG] raw=4010
1786012410.5026681,21.128,ECG_RAW,raw,4009,,,,,[ECG] raw=4009
1786012410.5058744,21.131,ECG_RAW,raw,3980,,,,,[ECG] raw=3980
1786012410.5283265,21.154,ECG_RAW,raw,4000,,,,,[ECG] raw=4000
1786012410.5343266,21.160,ECG_RAW,raw,4003,,,,,[ECG] raw=4003
1786012410.5395017,21.165,ECG_RAW,raw,3976,,,,,[ECG] raw=3976
1786012410.5415006,21.167,ECG_RAW,raw,3840,,,,,[ECG] raw=3840
1786012410.544502,21.170,ECG_RAW,raw,1211,,,,,[ECG] raw=1211
1786012410.5455012,21.171,ECG_RAW,raw,855,,,,,[ECG] raw=855
1786012410.5455012,21.171,ECG_RAW,raw,3,,,,,[ECG] raw=3
1786012410.5465012,21.172,ECG_RAW,raw,2,,,,,[ECG] raw=2
1786012410.5478895,21.173,ECG_RAW,raw,766,,,,,[ECG] raw=766
1786012410.548888,21.174,ECG_RAW,raw,3,,,,,[ECG] raw=3
1786012410.558209,21.183,ECG_RAW,raw,3979,,,,,[ECG] raw=3979
1786012410.5816162,21.207,ECG_RAW,raw,3347,,,,,[ECG] raw=3347
1786012410.5816162,21.207,ECG_RAW,raw,976,,,,,[ECG] raw=976
1786012410.5816162,21.207,ECG_RAW,raw,300,,,,,[ECG] raw=300
1786012410.5816162,21.207,ECG_RAW,raw,3,,,,,[ECG] raw=3
1786012410.5980766,21.223,ECG_RAW,raw,499,,,,,[ECG] raw=499
1786012410.601072,21.226,ECG_RAW,raw,2258,,,,,[ECG] raw=2258
1786012410.601072,21.226,ECG_RAW,raw,1805,,,,,[ECG] raw=1805
1786012410.601072,21.226,ECG_RAW,raw,293,,,,,[ECG] raw=293
1786012410.6267304,21.252,ECG_RAW,raw,4,,,,,[ECG] raw=4
1786012410.6280415,21.253,ECG_RAW,raw,3209,,,,,[ECG] raw=3209
1786012410.6289494,21.254,ECG_RAW,raw,4004,,,,,[ECG] raw=4004
1786012410.6388085,21.264,ECG_RAW,raw,4000,,,,,[ECG] raw=4000
1786012410.6408114,21.266,ECG_RAW,raw,4004,,,,,[ECG] raw=4004
1786012410.6408114,21.266,ECG_RAW,raw,6,,,,,[ECG] raw=6
1786012410.6448326,21.270,ECG_RAW,raw,2,,,,,[ECG] raw=2
1786012410.674288,21.300,ECG_RAW,raw,3994,,,,,[ECG] raw=3994
1786012410.6804202,21.306,ECG_RAW,raw,4004,,,,,[ECG] raw=4004
1786012410.6844385,21.310,ECG_RAW,raw,4003,,,,,[ECG] raw=4003
1786012410.6885877,21.314,ECG_RAW,raw,3284,,,,,[ECG] raw=3284
1786012410.689569,21.315,ECG_RAW,raw,2850,,,,,[ECG] raw=2850
1786012410.6906028,21.316,ECG_RAW,raw,3997,,,,,[ECG] raw=3997
1786012410.6925902,21.318,ECG_RAW,raw,4003,,,,,[ECG] raw=4003
1786012410.7201164,21.345,ECG_RAW,raw,3999,,,,,[ECG] raw=3999
1786012410.7201164,21.345,ECG_RAW,raw,2184,,,,,[ECG] raw=2184
1786012410.7251384,21.350,ECG_RAW,raw,1574,,,,,[ECG] raw=1574
1786012410.7323356,21.358,ECG_RAW,raw,3985,,,,,[ECG] raw=3985
1786012410.733318,21.359,ECG_RAW,raw,4001,,,,,[ECG] raw=4001
1786012410.7343156,21.360,ECG_RAW,raw,4005,,,,,[ECG] raw=4005
1786012410.7343156,21.360,ECG_RAW,raw,1549,,,,,[ECG] raw=1549
1786012410.7343156,21.360,ECG_RAW,raw,3,,,,,[ECG] raw=3
1786012410.7595403,21.385,ECG_RAW,raw,3330,,,,,[ECG] raw=3330
1786012410.7678313,21.393,ECG_RAW,raw,3993,,,,,[ECG] raw=3993
1786012410.770835,21.396,ECG_RAW,raw,4006,,,,,[ECG] raw=4006
1786012410.7761667,21.401,ECG_RAW,raw,3,,,,,[ECG] raw=3
1786012410.7772334,21.402,ECG_RAW,raw,10,,,,,[ECG] raw=10
1786012410.7782772,21.404,ECG_RAW,raw,2,,,,,[ECG] raw=2
1786012410.7782772,21.404,ECG_RAW,raw,2,,,,,[ECG] raw=2
1786012410.7782772,21.404,ECG_RAW,raw,4,,,,,[ECG] raw=4
1786012410.7782772,21.404,ECG_RAW,raw,6,,,,,[ECG] raw=6
1786012410.7842422,21.409,ECG_RAW,raw,3,,,,,[ECG] raw=3
1786012410.7862318,21.411,ECG_RAW,raw,14,,,,,[ECG] raw=14
1786012410.8129678,21.438,ECG_RAW,raw,2,,,,,[ECG] raw=2
1786012410.8129678,21.438,ECG_RAW,raw,3,,,,,[ECG] raw=3
1786012410.8129678,21.438,ECG_RAW,raw,3,,,,,[ECG] raw=3
1786012410.8129678,21.438,ECG_RAW,raw,5,,,,,[ECG] raw=5
1786012410.8129678,21.438,ECG_RAW,raw,4,,,,,[ECG] raw=4
1786012410.8161187,21.441,ECG_RAW,raw,552,,,,,[ECG] raw=552
1786012410.8339415,21.459,ECG_RAW,raw,538,,,,,[ECG] raw=538
1786012410.8339415,21.459,ECG_RAW,raw,5,,,,,[ECG] raw=5
1786012410.8557935,21.481,ECG_RAW,raw,4,,,,,[ECG] raw=4
1786012410.8590245,21.484,ECG_RAW,raw,3,,,,,[ECG] raw=3
1786012410.8600266,21.485,ECG_RAW,raw,2721,,,,,[ECG] raw=2721
1786012411.5727708,22.198,ECG_DIAG,halves,13,total_samples,7000,overruns,0,[ECG] halves=13  total_samples=7000  overruns=0
1786012411.6139328,22.239,PPG,RED,888,IR,745,samples,32,[PPG] samples=32  RED=888  IR=745  sensor=OK
1786012411.6498456,22.275,IMU_ACCEL,ax,-3628,ay,-548,az,21120,[IMU] accel: ax=-3628  ay=-548  az=21120
1786012411.6538439,22.279,IMU_GYRO,gx,8333,gy,17483,gz,3112,[IMU] gyro:  gx=8333  gy=17483  gz=3112
1786012412.2177532,22.843,ECG_RAW,raw,3003,,,,,[ECG] raw=3003
1786012412.2227464,22.848,ECG_RAW,raw,1752,,,,,[ECG] raw=1752
1786012412.2236555,22.849,ECG_RAW,raw,1688,,,,,[ECG] raw=1688
1786012412.2310114,22.856,ECG_RAW,raw,2197,,,,,[ECG] raw=2197
1786012412.2601602,22.885,ECG_RAW,raw,4001,,,,,[ECG] raw=4001
1786012412.2655218,22.891,ECG_RAW,raw,4008,,,,,[ECG] raw=4008
1786012412.268637,22.894,ECG_RAW,raw,4007,,,,,[ECG] raw=4007
1786012412.268637,22.894,ECG_RAW,raw,4005,,,,,[ECG] raw=4005
1786012412.2746406,22.900,ECG_RAW,raw,3986,,,,,[ECG] raw=3986
1786012412.2767453,22.902,ECG_RAW,raw,4003,,,,,[ECG] raw=4003
1786012412.2787232,22.904,ECG_RAW,raw,3975,,,,,[ECG] raw=3975
1786012412.2787232,22.904,ECG_RAW,raw,4002,,,,,[ECG] raw=4002
1786012412.2787232,22.904,ECG_RAW,raw,3998,,,,,[ECG] raw=3998
1786012412.3011065,22.926,ECG_RAW,raw,2616,,,,,[ECG] raw=2616
1786012412.303104,22.928,ECG_RAW,raw,3992,,,,,[ECG] raw=3992
1786012412.3073485,22.933,ECG_RAW,raw,3996,,,,,[ECG] raw=3996
1786012412.3073485,22.933,ECG_RAW,raw,4008,,,,,[ECG] raw=4008
1786012412.313328,22.939,ECG_RAW,raw,3980,,,,,[ECG] raw=3980
1786012412.3154197,22.941,ECG_RAW,raw,1288,,,,,[ECG] raw=1288
1786012412.3187497,22.944,ECG_RAW,raw,3724,,,,,[ECG] raw=3724
1786012412.3197167,22.945,ECG_RAW,raw,4000,,,,,[ECG] raw=4000
1786012412.3281116,22.953,ECG_RAW,raw,4005,,,,,[ECG] raw=4005
1786012412.3301146,22.955,ECG_RAW,raw,1,,,,,[ECG] raw=1
1786012412.3534396,22.979,ECG_RAW,raw,10,,,,,[ECG] raw=10
1786012412.3543494,22.980,ECG_RAW,raw,3,,,,,[ECG] raw=3
1786012412.3543494,22.980,ECG_RAW,raw,2,,,,,[ECG] raw=2
1786012412.3567476,22.982,ECG_RAW,raw,7,,,,,[ECG] raw=7
1786012412.3587518,22.984,ECG_RAW,raw,3,,,,,[ECG] raw=3
1786012412.3779557,23.003,ECG_RAW,raw,16,,,,,[ECG] raw=16
1786012412.4133098,23.039,ECG_RAW,raw,3,,,,,[ECG] raw=3
1786012412.4143202,23.040,ECG_RAW,raw,3,,,,,[ECG] raw=3
1786012412.4143202,23.040,ECG_RAW,raw,3,,,,,[ECG] raw=3
1786012412.4153152,23.041,ECG_RAW,raw,3,,,,,[ECG] raw=3
1786012412.4153152,23.041,ECG_RAW,raw,5,,,,,[ECG] raw=5
1786012412.4153152,23.041,ECG_RAW,raw,3,,,,,[ECG] raw=3
1786012412.4209547,23.046,ECG_RAW,raw,1269,,,,,[ECG] raw=1269
1786012412.4219596,23.047,ECG_RAW,raw,1500,,,,,[ECG] raw=1500
1786012412.4561136,23.081,ECG_RAW,raw,437,,,,,[ECG] raw=437
1786012412.4746952,23.100,ECG_RAW,raw,8,,,,,[ECG] raw=8
1786012412.4746952,23.100,ECG_RAW,raw,0,,,,,[ECG] raw=0
1786012412.475693,23.101,ECG_RAW,raw,2451,,,,,[ECG] raw=2451
1786012412.4766953,23.102,ECG_RAW,raw,2822,,,,,[ECG] raw=2822
1786012412.4819386,23.107,ECG_RAW,raw,391,,,,,[ECG] raw=391
1786012412.4839196,23.109,ECG_RAW,raw,4,,,,,[ECG] raw=4
1786012412.4901145,23.115,ECG_RAW,raw,2,,,,,[ECG] raw=2
1786012412.4901145,23.115,ECG_RAW,raw,2960,,,,,[ECG] raw=2960
1786012412.4911134,23.116,ECG_RAW,raw,3526,,,,,[ECG] raw=3526
1786012412.4921105,23.117,ECG_RAW,raw,2379,,,,,[ECG] raw=2379
1786012412.4921105,23.117,ECG_RAW,raw,202,,,,,[ECG] raw=202
1786012412.495114,23.120,ECG_RAW,raw,208,,,,,[ECG] raw=208
1786012412.5207837,23.146,ECG_RAW,raw,3693,,,,,[ECG] raw=3693
1786012412.5217817,23.147,ECG_RAW,raw,3979,,,,,[ECG] raw=3979
1786012412.5227838,23.148,ECG_RAW,raw,3458,,,,,[ECG] raw=3458
1786012412.5227838,23.148,ECG_RAW,raw,795,,,,,[ECG] raw=795
1786012412.5237808,23.149,ECG_RAW,raw,485,,,,,[ECG] raw=485
1786012412.5237808,23.149,ECG_RAW,raw,3465,,,,,[ECG] raw=3465
1786012412.528947,23.154,ECG_RAW,raw,3995,,,,,[ECG] raw=3995
1786012412.531948,23.157,ECG_RAW,raw,3584,,,,,[ECG] raw=3584
1786012412.5371037,23.162,ECG_RAW,raw,1016,,,,,[ECG] raw=1016
1786012412.5371037,23.162,ECG_RAW,raw,134,,,,,[ECG] raw=134
1786012412.5390997,23.164,ECG_RAW,raw,2895,,,,,[ECG] raw=2895
1786012412.5693939,23.195,ECG_RAW,raw,3961,,,,,[ECG] raw=3961
1786012412.571396,23.197,ECG_RAW,raw,3987,,,,,[ECG] raw=3987
1786012412.5753944,23.201,ECG_RAW,raw,1376,,,,,[ECG] raw=1376
1786012412.5753944,23.201,ECG_RAW,raw,4,,,,,[ECG] raw=4
1786012412.5763962,23.202,ECG_RAW,raw,2491,,,,,[ECG] raw=2491
1786012412.5763962,23.202,ECG_RAW,raw,3974,,,,,[ECG] raw=3974
1786012412.5795276,23.205,ECG_RAW,raw,3997,,,,,[ECG] raw=3997
1786012412.5865207,23.212,ECG_RAW,raw,1684,,,,,[ECG] raw=1684
1786012412.5939283,23.219,ECG_RAW,raw,3,,,,,[ECG] raw=3
1786012412.616386,23.242,ECG_RAW,raw,2054,,,,,[ECG] raw=2054
1786012412.6176279,23.243,ECG_RAW,raw,3979,,,,,[ECG] raw=3979
1786012412.6176279,23.243,ECG_RAW,raw,4001,,,,,[ECG] raw=4001
1786012412.6176279,23.243,ECG_RAW,raw,4006,,,,,[ECG] raw=4006
1786012412.6176279,23.243,ECG_RAW,raw,3980,,,,,[ECG] raw=3980
1786012412.6373966,23.263,ECG_RAW,raw,4011,,,,,[ECG] raw=4011
1786012412.638558,23.264,ECG_RAW,raw,4003,,,,,[ECG] raw=4003
1786012412.6588533,23.284,ECG_RAW,raw,4007,,,,,[ECG] raw=4007
1786012412.6608353,23.286,ECG_RAW,raw,4010,,,,,[ECG] raw=4010
1786012412.6618333,23.287,ECG_RAW,raw,4004,,,,,[ECG] raw=4004
1786012412.6618333,23.287,ECG_RAW,raw,3998,,,,,[ECG] raw=3998
1786012412.6628354,23.288,ECG_RAW,raw,4004,,,,,[ECG] raw=4004
1786012412.6638377,23.289,ECG_RAW,raw,4000,,,,,[ECG] raw=4000
1786012412.6648343,23.290,ECG_RAW,raw,4005,,,,,[ECG] raw=4005
1786012412.675196,23.300,ECG_RAW,raw,3997,,,,,[ECG] raw=3997
1786012412.682331,23.308,ECG_RAW,raw,2742,,,,,[ECG] raw=2742
1786012412.6833594,23.309,ECG_RAW,raw,3987,,,,,[ECG] raw=3987
1786012412.7079906,23.333,ECG_RAW,raw,4004,,,,,[ECG] raw=4004
1786012412.7149897,23.340,ECG_RAW,raw,4007,,,,,[ECG] raw=4007
1786012412.7200956,23.345,ECG_RAW,raw,3491,,,,,[ECG] raw=3491
1786012412.7200956,23.345,ECG_RAW,raw,641,,,,,[ECG] raw=641
1786012412.7210977,23.346,ECG_RAW,raw,3414,,,,,[ECG] raw=3414
1786012412.7231157,23.348,ECG_RAW,raw,4002,,,,,[ECG] raw=4002
1786012412.7475786,23.373,ECG_RAW,raw,4003,,,,,[ECG] raw=4003
1786012412.7535784,23.379,ECG_RAW,raw,2526,,,,,[ECG] raw=2526
1786012412.7567055,23.382,ECG_RAW,raw,12,,,,,[ECG] raw=12
1786012412.7597096,23.385,ECG_RAW,raw,1731,,,,,[ECG] raw=1731
1786012412.7607124,23.386,ECG_RAW,raw,4011,,,,,[ECG] raw=4011
1786012412.762711,23.388,ECG_RAW,raw,4003,,,,,[ECG] raw=4003
1786012412.764711,23.390,ECG_RAW,raw,3074,,,,,[ECG] raw=3074
1786012412.7882051,23.413,ECG_RAW,raw,2,,,,,[ECG] raw=2
1786012412.7882051,23.413,ECG_RAW,raw,7,,,,,[ECG] raw=7
1786012412.7882051,23.413,ECG_RAW,raw,3854,,,,,[ECG] raw=3854
1786012412.7892556,23.414,ECG_RAW,raw,3997,,,,,[ECG] raw=3997
1786012412.7892556,23.414,ECG_RAW,raw,2028,,,,,[ECG] raw=2028
1786012412.7892556,23.414,ECG_RAW,raw,3,,,,,[ECG] raw=3
1786012412.7973404,23.423,ECG_RAW,raw,6,,,,,[ECG] raw=6
1786012412.800346,23.426,ECG_RAW,raw,3319,,,,,[ECG] raw=3319
1786012412.8053465,23.431,ECG_RAW,raw,3995,,,,,[ECG] raw=3995
1786012412.8126712,23.438,ECG_RAW,raw,2011,,,,,[ECG] raw=2011
1786012412.8126712,23.438,ECG_RAW,raw,2,,,,,[ECG] raw=2
1786012412.8402252,23.465,ECG_RAW,raw,4,,,,,[ECG] raw=4
1786012412.8402252,23.465,ECG_RAW,raw,2608,,,,,[ECG] raw=2608
1786012412.8402252,23.465,ECG_RAW,raw,3998,,,,,[ECG] raw=3998
1786012412.8402252,23.465,ECG_RAW,raw,2390,,,,,[ECG] raw=2390
1786012412.8402252,23.465,ECG_RAW,raw,0,,,,,[ECG] raw=0
1786012412.8427286,23.468,ECG_RAW,raw,3,,,,,[ECG] raw=3
1786012412.8661895,23.491,ECG_RAW,raw,1853,,,,,[ECG] raw=1853
1786012412.8831341,23.508,ECG_RAW,raw,3981,,,,,[ECG] raw=3981
1786012412.8841338,23.509,ECG_RAW,raw,2732,,,,,[ECG] raw=2732
1786012412.8861334,23.511,ECG_RAW,raw,3,,,,,[ECG] raw=3
1786012412.8861334,23.511,ECG_RAW,raw,3,,,,,[ECG] raw=3
1786012412.8874397,23.513,ECG_RAW,raw,1338,,,,,[ECG] raw=1338
1786012412.896999,23.522,ECG_RAW,raw,3975,,,,,[ECG] raw=3975
1786012412.8981092,23.523,ECG_RAW,raw,3303,,,,,[ECG] raw=3303
1786012412.9048247,23.530,ECG_RAW,raw,339,,,,,[ECG] raw=339
1786012412.9149787,23.540,ECG_RAW,raw,6,,,,,[ECG] raw=6
1786012412.9293532,23.555,ECG_RAW,raw,512,,,,,[ECG] raw=512
1786012413.5940678,24.219,ECG_DIAG,halves,14,total_samples,7500,overruns,0,[ECG] halves=14  total_samples=7500  overruns=0
1786012413.6022005,24.227,PPG,RED,888,IR,745,samples,32,[PPG] samples=32  RED=888  IR=745  sensor=OK
1786012413.6043234,24.230,IMU_ACCEL,ax,-6640,ay,-1140,az,13768,[IMU] accel: ax=-6640  ay=-1140  az=13768
1786012413.6043234,24.230,IMU_GYRO,gx,1914,gy,-329,gz,936,[IMU] gyro:  gx=1914  gy=-329  gz=936
1786012414.2792912,24.905,ECG_RAW,raw,3885,,,,,[ECG] raw=3885
1786012414.2792912,24.905,ECG_RAW,raw,3468,,,,,[ECG] raw=3468
1786012414.304668,24.930,ECG_RAW,raw,485,,,,,[ECG] raw=485
1786012414.304668,24.930,ECG_RAW,raw,4,,,,,[ECG] raw=4
1786012414.305668,24.931,ECG_RAW,raw,4,,,,,[ECG] raw=4
1786012414.3108704,24.936,ECG_RAW,raw,3689,,,,,[ECG] raw=3689
1786012414.3169904,24.942,ECG_RAW,raw,3997,,,,,[ECG] raw=3997
1786012414.3180003,24.943,ECG_RAW,raw,2514,,,,,[ECG] raw=2514
1786012414.321998,24.947,ECG_RAW,raw,3,,,,,[ECG] raw=3
1786012414.3259985,24.951,ECG_RAW,raw,321,,,,,[ECG] raw=321
1786012414.3343232,24.960,ECG_RAW,raw,3915,,,,,[ECG] raw=3915
1786012414.3554704,24.981,ECG_RAW,raw,3997,,,,,[ECG] raw=3997
1786012414.3564599,24.982,ECG_RAW,raw,1943,,,,,[ECG] raw=1943
1786012414.3564599,24.982,ECG_RAW,raw,0,,,,,[ECG] raw=0
1786012414.3564599,24.982,ECG_RAW,raw,4,,,,,[ECG] raw=4
1786012414.3564599,24.982,ECG_RAW,raw,2773,,,,,[ECG] raw=2773
1786012414.3760204,25.001,ECG_RAW,raw,3973,,,,,[ECG] raw=3973
1786012414.3760204,25.001,ECG_RAW,raw,1857,,,,,[ECG] raw=1857
1786012414.4017377,25.027,ECG_RAW,raw,3,,,,,[ECG] raw=3
1786012414.402739,25.028,ECG_RAW,raw,4,,,,,[ECG] raw=4
1786012414.402739,25.028,ECG_RAW,raw,2453,,,,,[ECG] raw=2453
1786012414.402739,25.028,ECG_RAW,raw,3983,,,,,[ECG] raw=3983
1786012414.402739,25.028,ECG_RAW,raw,2504,,,,,[ECG] raw=2504
1786012414.4113233,25.037,ECG_RAW,raw,3,,,,,[ECG] raw=3
1786012414.4113233,25.037,ECG_RAW,raw,3,,,,,[ECG] raw=3
1786012414.4143245,25.040,ECG_RAW,raw,1524,,,,,[ECG] raw=1524
1786012414.4549952,25.080,ECG_RAW,raw,3987,,,,,[ECG] raw=3987
1786012414.4559498,25.081,ECG_RAW,raw,3197,,,,,[ECG] raw=3197
1786012414.460184,25.085,ECG_RAW,raw,3,,,,,[ECG] raw=3
1786012414.4611902,25.086,ECG_RAW,raw,4,,,,,[ECG] raw=4
1786012414.462187,25.087,ECG_RAW,raw,1665,,,,,[ECG] raw=1665
1786012414.4640923,25.089,ECG_RAW,raw,3992,,,,,[ECG] raw=3992
1786012414.4879491,25.113,ECG_RAW,raw,3965,,,,,[ECG] raw=3965
1786012414.4888477,25.114,ECG_RAW,raw,558,,,,,[ECG] raw=558
1786012414.493942,25.119,ECG_RAW,raw,4,,,,,[ECG] raw=4
1786012414.4970882,25.122,ECG_RAW,raw,1344,,,,,[ECG] raw=1344
1786012414.4970882,25.122,ECG_RAW,raw,3983,,,,,[ECG] raw=3983
1786012414.5030906,25.128,ECG_RAW,raw,3997,,,,,[ECG] raw=3997
1786012414.5030906,25.128,ECG_RAW,raw,1547,,,,,[ECG] raw=1547
1786012414.504109,25.129,ECG_RAW,raw,3,,,,,[ECG] raw=3
1786012414.5061064,25.131,ECG_RAW,raw,1577,,,,,[ECG] raw=1577
1786012414.528083,25.153,ECG_RAW,raw,3992,,,,,[ECG] raw=3992
1786012414.5360868,25.161,ECG_RAW,raw,4000,,,,,[ECG] raw=4000
1786012414.5412767,25.167,ECG_RAW,raw,2092,,,,,[ECG] raw=2092
1786012414.5412767,25.167,ECG_RAW,raw,3,,,,,[ECG] raw=3
1786012414.5457854,25.171,ECG_RAW,raw,7,,,,,[ECG] raw=7
1786012414.546785,25.172,ECG_RAW,raw,3953,,,,,[ECG] raw=3953
1786012414.5471032,25.172,ECG_RAW,raw,4002,,,,,[ECG] raw=4002
1786012414.5471032,25.172,ECG_RAW,raw,2665,,,,,[ECG] raw=2665
1786012414.5471032,25.172,ECG_RAW,raw,9,,,,,[ECG] raw=9
1786012414.5521474,25.177,ECG_RAW,raw,4,,,,,[ECG] raw=4
1786012414.5521474,25.177,ECG_RAW,raw,3268,,,,,[ECG] raw=3268
1786012414.5604622,25.186,ECG_RAW,raw,3992,,,,,[ECG] raw=3992
1786012414.5829606,25.208,ECG_RAW,raw,2411,,,,,[ECG] raw=2411
1786012414.5829606,25.208,ECG_RAW,raw,5,,,,,[ECG] raw=5
1786012414.5829606,25.208,ECG_RAW,raw,3,,,,,[ECG] raw=3
1786012414.5829606,25.208,ECG_RAW,raw,2854,,,,,[ECG] raw=2854
1786012414.5829606,25.208,ECG_RAW,raw,3995,,,,,[ECG] raw=3995
1786012414.6032505,25.228,ECG_RAW,raw,2851,,,,,[ECG] raw=2851
1786012414.604179,25.229,ECG_RAW,raw,4,,,,,[ECG] raw=4
1786012414.627957,25.253,ECG_RAW,raw,0,,,,,[ECG] raw=0
1786012414.627957,25.253,ECG_RAW,raw,2164,,,,,[ECG] raw=2164
1786012414.6299694,25.255,ECG_RAW,raw,1,,,,,[ECG] raw=1
1786012414.6309817,25.256,ECG_RAW,raw,4,,,,,[ECG] raw=4
1786012414.6391175,25.264,ECG_RAW,raw,3,,,,,[ECG] raw=3
1786012414.641096,25.266,ECG_RAW,raw,4,,,,,[ECG] raw=4
1786012414.6420991,25.267,ECG_RAW,raw,2,,,,,[ECG] raw=2
1786012414.6420991,25.267,ECG_RAW,raw,5,,,,,[ECG] raw=5
1786012414.6488578,25.274,ECG_RAW,raw,3,,,,,[ECG] raw=3
1786012414.6744566,25.300,ECG_RAW,raw,2,,,,,[ECG] raw=2
1786012414.6744566,25.300,ECG_RAW,raw,3,,,,,[ECG] raw=3
1786012414.676458,25.302,ECG_RAW,raw,421,,,,,[ECG] raw=421
1786012414.6807191,25.306,ECG_RAW,raw,2105,,,,,[ECG] raw=2105
1786012414.683719,25.309,ECG_RAW,raw,1625,,,,,[ECG] raw=1625
1786012414.683719,25.309,ECG_RAW,raw,166,,,,,[ECG] raw=166
1786012414.6869278,25.312,ECG_RAW,raw,3,,,,,[ECG] raw=3
1786012414.6909072,25.316,ECG_RAW,raw,1104,,,,,[ECG] raw=1104
1786012414.6909072,25.316,ECG_RAW,raw,2631,,,,,[ECG] raw=2631
1786012414.722705,25.348,ECG_RAW,raw,2477,,,,,[ECG] raw=2477
1786012414.7246864,25.350,ECG_RAW,raw,723,,,,,[ECG] raw=723
1786012414.7257087,25.351,ECG_RAW,raw,0,,,,,[ECG] raw=0
1786012414.7298813,25.355,ECG_RAW,raw,1438,,,,,[ECG] raw=1438
1786012414.7319021,25.357,ECG_RAW,raw,2712,,,,,[ECG] raw=2712
1786012414.7319021,25.357,ECG_RAW,raw,921,,,,,[ECG] raw=921
1786012414.7901976,25.415,ECG_RAW,raw,227,,,,,[ECG] raw=227
1786012414.7921975,25.417,ECG_RAW,raw,4,,,,,[ECG] raw=4
1786012414.8003776,25.426,ECG_RAW,raw,1095,,,,,[ECG] raw=1095
1786012414.8013773,25.427,ECG_RAW,raw,2770,,,,,[ECG] raw=2770
1786012414.8013773,25.427,ECG_RAW,raw,3996,,,,,[ECG] raw=3996
1786012414.8013773,25.427,ECG_RAW,raw,2834,,,,,[ECG] raw=2834
1786012414.8013773,25.427,ECG_RAW,raw,496,,,,,[ECG] raw=496
1786012414.8013773,25.427,ECG_RAW,raw,1246,,,,,[ECG] raw=1246
1786012414.8024669,25.428,ECG_RAW,raw,3920,,,,,[ECG] raw=3920
1786012414.8024669,25.428,ECG_RAW,raw,4000,,,,,[ECG] raw=4000
1786012414.8024669,25.428,ECG_RAW,raw,3018,,,,,[ECG] raw=3018
1786012414.8024669,25.428,ECG_RAW,raw,1415,,,,,[ECG] raw=1415
1786012414.8024669,25.428,ECG_RAW,raw,2668,,,,,[ECG] raw=2668
1786012414.8024669,25.428,ECG_RAW,raw,3876,,,,,[ECG] raw=3876
1786012414.8100352,25.435,ECG_RAW,raw,3999,,,,,[ECG] raw=3999
1786012414.837781,25.463,ECG_RAW,raw,4007,,,,,[ECG] raw=4007
1786012414.838726,25.464,ECG_RAW,raw,4003,,,,,[ECG] raw=4003
1786012414.838726,25.464,ECG_RAW,raw,3963,,,,,[ECG] raw=3963
1786012414.838726,25.464,ECG_RAW,raw,4003,,,,,[ECG] raw=4003
1786012414.8407242,25.466,ECG_RAW,raw,4004,,,,,[ECG] raw=4004
1786012414.873666,25.499,ECG_RAW,raw,4006,,,,,[ECG] raw=4006
1786012414.8827918,25.508,ECG_RAW,raw,4000,,,,,[ECG] raw=4000
1786012414.8837938,25.509,ECG_RAW,raw,4002,,,,,[ECG] raw=4002
1786012414.8837938,25.509,ECG_RAW,raw,4004,,,,,[ECG] raw=4004
1786012414.8837938,25.509,ECG_RAW,raw,4004,,,,,[ECG] raw=4004
1786012414.8837938,25.509,ECG_RAW,raw,4008,,,,,[ECG] raw=4008
1786012414.8837938,25.509,ECG_RAW,raw,4005,,,,,[ECG] raw=4005
1786012414.8837938,25.509,ECG_RAW,raw,3982,,,,,[ECG] raw=3982
1786012414.8957794,25.521,ECG_RAW,raw,3654,,,,,[ECG] raw=3654
1786012414.8967767,25.522,ECG_RAW,raw,3437,,,,,[ECG] raw=3437
1786012414.9021537,25.527,ECG_RAW,raw,3936,,,,,[ECG] raw=3936
1786012414.903153,25.528,ECG_RAW,raw,216,,,,,[ECG] raw=216
1786012414.929311,25.555,ECG_RAW,raw,0,,,,,[ECG] raw=0
1786012414.9303167,25.556,ECG_RAW,raw,306,,,,,[ECG] raw=306
1786012414.9376652,25.563,ECG_RAW,raw,504,,,,,[ECG] raw=504
1786012414.9426646,25.568,ECG_RAW,raw,3,,,,,[ECG] raw=3
1786012414.9426646,25.568,ECG_RAW,raw,7,,,,,[ECG] raw=7
1786012414.9426646,25.568,ECG_RAW,raw,12,,,,,[ECG] raw=12
1786012414.9707623,25.596,ECG_RAW,raw,1021,,,,,[ECG] raw=1021
1786012414.9757538,25.601,ECG_RAW,raw,626,,,,,[ECG] raw=626
1786012414.9757538,25.601,ECG_RAW,raw,38,,,,,[ECG] raw=38
1786012414.9788473,25.604,ECG_RAW,raw,1816,,,,,[ECG] raw=1816
1786012414.9835486,25.609,ECG_RAW,raw,344,,,,,[ECG] raw=344
1786012414.9845414,25.610,ECG_RAW,raw,1724,,,,,[ECG] raw=1724
1786012415.593057,26.218,ECG_DIAG,halves,15,total_samples,8000,overruns,0,[ECG] halves=15  total_samples=8000  overruns=0
1786012415.6225834,26.248,PPG,RED,888,IR,745,samples,32,[PPG] samples=32  RED=888  IR=745  sensor=OK
1786012415.6245823,26.250,IMU_ACCEL,ax,-6848,ay,-216,az,13880,[IMU] accel: ax=-6848  ay=-216  az=13880
1786012415.633024,26.258,IMU_GYRO,gx,-233,gy,-26,gz,-207,[IMU] gyro:  gx=-233  gy=-26  gz=-207
1786012416.3368092,26.962,ECG_RAW,raw,3681,,,,,[ECG] raw=3681
1786012416.340826,26.966,ECG_RAW,raw,3952,,,,,[ECG] raw=3952
1786012416.3419116,26.967,ECG_RAW,raw,3441,,,,,[ECG] raw=3441
1786012416.3484309,26.974,ECG_RAW,raw,1041,,,,,[ECG] raw=1041
1786012416.3718681,26.997,ECG_RAW,raw,836,,,,,[ECG] raw=836
1786012416.37278,26.998,ECG_RAW,raw,3429,,,,,[ECG] raw=3429
1786012416.37278,26.998,ECG_RAW,raw,3665,,,,,[ECG] raw=3665
1786012416.37278,26.998,ECG_RAW,raw,2632,,,,,[ECG] raw=2632
1786012416.373779,26.999,ECG_RAW,raw,828,,,,,[ECG] raw=828
1786012416.3903368,27.016,ECG_RAW,raw,12,,,,,[ECG] raw=12
1786012416.4119897,27.037,ECG_RAW,raw,2090,,,,,[ECG] raw=2090
1786012416.413989,27.039,ECG_RAW,raw,1192,,,,,[ECG] raw=1192
1786012416.4162896,27.042,ECG_RAW,raw,5,,,,,[ECG] raw=5
1786012416.4162896,27.042,ECG_RAW,raw,5,,,,,[ECG] raw=5
1786012416.4172914,27.043,ECG_RAW,raw,837,,,,,[ECG] raw=837
1786012416.4172914,27.043,ECG_RAW,raw,2695,,,,,[ECG] raw=2695
1786012416.4324648,27.058,ECG_RAW,raw,1709,,,,,[ECG] raw=1709
1786012416.4344878,27.060,ECG_RAW,raw,2075,,,,,[ECG] raw=2075
1786012416.46009,27.085,ECG_RAW,raw,1057,,,,,[ECG] raw=1057
1786012416.4686282,27.094,ECG_RAW,raw,1468,,,,,[ECG] raw=1468
1786012416.4746208,27.100,ECG_RAW,raw,3434,,,,,[ECG] raw=3434
1786012416.5010834,27.126,ECG_RAW,raw,3984,,,,,[ECG] raw=3984
1786012416.5020833,27.127,ECG_RAW,raw,3996,,,,,[ECG] raw=3996
1786012416.5082498,27.133,ECG_RAW,raw,2233,,,,,[ECG] raw=2233
1786012416.5102503,27.135,ECG_RAW,raw,1453,,,,,[ECG] raw=1453
1786012416.5102503,27.135,ECG_RAW,raw,3216,,,,,[ECG] raw=3216
1786012416.5112503,27.136,ECG_RAW,raw,3987,,,,,[ECG] raw=3987
1786012416.51525,27.140,ECG_RAW,raw,3997,,,,,[ECG] raw=3997
1786012416.51625,27.141,ECG_RAW,raw,2194,,,,,[ECG] raw=2194
1786012416.5173619,27.143,ECG_RAW,raw,768,,,,,[ECG] raw=768
1786012416.5203645,27.146,ECG_RAW,raw,2689,,,,,[ECG] raw=2689
1786012416.5496905,27.175,ECG_RAW,raw,3896,,,,,[ECG] raw=3896
1786012416.5546882,27.180,ECG_RAW,raw,3763,,,,,[ECG] raw=3763
1786012416.5546882,27.180,ECG_RAW,raw,1204,,,,,[ECG] raw=1204
1786012416.5566697,27.182,ECG_RAW,raw,4,,,,,[ECG] raw=4
1786012416.5578136,27.183,ECG_RAW,raw,1875,,,,,[ECG] raw=1875
1786012416.5578136,27.183,ECG_RAW,raw,3377,,,,,[ECG] raw=3377
1786012416.558819,27.184,ECG_RAW,raw,2663,,,,,[ECG] raw=2663
1786012416.558819,27.184,ECG_RAW,raw,1604,,,,,[ECG] raw=1604
1786012416.5638192,27.189,ECG_RAW,raw,2,,,,,[ECG] raw=2
1786012416.5658188,27.191,ECG_RAW,raw,1239,,,,,[ECG] raw=1239
1786012416.5680356,27.193,ECG_RAW,raw,3394,,,,,[ECG] raw=3394
1786012416.5690358,27.194,ECG_RAW,raw,3956,,,,,[ECG] raw=3956
1786012416.570033,27.195,ECG_RAW,raw,3998,,,,,[ECG] raw=3998
1786012416.578262,27.203,ECG_RAW,raw,2242,,,,,[ECG] raw=2242
1786012416.580263,27.205,ECG_RAW,raw,1394,,,,,[ECG] raw=1394
1786012416.6046615,27.230,ECG_RAW,raw,4001,,,,,[ECG] raw=4001
1786012416.6046615,27.230,ECG_RAW,raw,4003,,,,,[ECG] raw=4003
1786012416.6046615,27.230,ECG_RAW,raw,4007,,,,,[ECG] raw=4007
1786012416.6056578,27.231,ECG_RAW,raw,3851,,,,,[ECG] raw=3851
1786012416.6068964,27.232,ECG_RAW,raw,2446,,,,,[ECG] raw=2446
1786012416.6079874,27.233,ECG_RAW,raw,4002,,,,,[ECG] raw=4002
1786012416.623359,27.249,ECG_RAW,raw,3983,,,,,[ECG] raw=3983
1786012416.6477585,27.273,ECG_RAW,raw,4004,,,,,[ECG] raw=4004
1786012416.6487658,27.274,ECG_RAW,raw,4000,,,,,[ECG] raw=4000
1786012416.649783,27.275,ECG_RAW,raw,3,,,,,[ECG] raw=3
1786012416.649783,27.275,ECG_RAW,raw,1652,,,,,[ECG] raw=1652
1786012416.6507623,27.276,ECG_RAW,raw,2611,,,,,[ECG] raw=2611
1786012416.6620004,27.287,ECG_RAW,raw,3164,,,,,[ECG] raw=3164
1786012416.6620004,27.287,ECG_RAW,raw,2612,,,,,[ECG] raw=2612
1786012416.6660182,27.291,ECG_RAW,raw,3,,,,,[ECG] raw=3
1786012416.6682513,27.293,ECG_RAW,raw,572,,,,,[ECG] raw=572
1786012416.6938996,27.319,ECG_RAW,raw,510,,,,,[ECG] raw=510
1786012416.7000687,27.325,ECG_RAW,raw,180,,,,,[ECG] raw=180
1786012416.7020657,27.327,ECG_RAW,raw,4,,,,,[ECG] raw=4
1786012416.707177,27.332,ECG_RAW,raw,9,,,,,[ECG] raw=9
1786012416.7081826,27.333,ECG_RAW,raw,522,,,,,[ECG] raw=522
1786012416.7081826,27.333,ECG_RAW,raw,798,,,,,[ECG] raw=798
1786012416.7091799,27.334,ECG_RAW,raw,579,,,,,[ECG] raw=579
1786012416.7091799,27.334,ECG_RAW,raw,54,,,,,[ECG] raw=54
1786012416.7412202,27.366,ECG_RAW,raw,7,,,,,[ECG] raw=7
1786012416.7442207,27.369,ECG_RAW,raw,706,,,,,[ECG] raw=706
1786012416.7478938,27.373,ECG_RAW,raw,1593,,,,,[ECG] raw=1593
1786012416.7498968,27.375,ECG_RAW,raw,786,,,,,[ECG] raw=786
1786012416.7807276,27.406,ECG_RAW,raw,426,,,,,[ECG] raw=426
1786012416.7817276,27.407,ECG_RAW,raw,305,,,,,[ECG] raw=305
1786012416.790926,27.416,ECG_RAW,raw,490,,,,,[ECG] raw=490
1786012416.790926,27.416,ECG_RAW,raw,2209,,,,,[ECG] raw=2209
1786012416.790926,27.416,ECG_RAW,raw,2256,,,,,[ECG] raw=2256
1786012416.790926,27.416,ECG_RAW,raw,131,,,,,[ECG] raw=131
1786012416.790926,27.416,ECG_RAW,raw,14,,,,,[ECG] raw=14
1786012416.790926,27.416,ECG_RAW,raw,550,,,,,[ECG] raw=550
1786012416.790926,27.416,ECG_RAW,raw,2098,,,,,[ECG] raw=2098
1786012416.790926,27.416,ECG_RAW,raw,1779,,,,,[ECG] raw=1779
1786012416.7970872,27.422,ECG_RAW,raw,1258,,,,,[ECG] raw=1258
1786012416.7991107,27.424,ECG_RAW,raw,113,,,,,[ECG] raw=113
1786012416.8041112,27.429,ECG_RAW,raw,640,,,,,[ECG] raw=640
1786012416.8061016,27.431,ECG_RAW,raw,2923,,,,,[ECG] raw=2923
1786012416.8356266,27.461,ECG_RAW,raw,2826,,,,,[ECG] raw=2826
1786012416.8356266,27.461,ECG_RAW,raw,2744,,,,,[ECG] raw=2744
1786012416.8356266,27.461,ECG_RAW,raw,1256,,,,,[ECG] raw=1256
1786012416.8356266,27.461,ECG_RAW,raw,1177,,,,,[ECG] raw=1177
1786012416.8363917,27.462,ECG_RAW,raw,3651,,,,,[ECG] raw=3651
1786012416.855357,27.481,ECG_RAW,raw,3970,,,,,[ECG] raw=3970
1786012416.8563526,27.482,ECG_RAW,raw,4006,,,,,[ECG] raw=4006
1786012416.8563526,27.482,ECG_RAW,raw,4002,,,,,[ECG] raw=4002
1786012416.8788476,27.504,ECG_RAW,raw,3999,,,,,[ECG] raw=3999
1786012416.8788476,27.504,ECG_RAW,raw,4002,,,,,[ECG] raw=4002
1786012416.879851,27.505,ECG_RAW,raw,4010,,,,,[ECG] raw=4010
1786012416.879851,27.505,ECG_RAW,raw,4002,,,,,[ECG] raw=4002
1786012416.891804,27.517,ECG_RAW,raw,4004,,,,,[ECG] raw=4004
1786012416.897409,27.523,ECG_RAW,raw,3999,,,,,[ECG] raw=3999
1786012416.897409,27.523,ECG_RAW,raw,3950,,,,,[ECG] raw=3950
1786012416.9233456,27.549,ECG_RAW,raw,4000,,,,,[ECG] raw=4000
1786012416.9295676,27.555,ECG_RAW,raw,4000,,,,,[ECG] raw=4000
1786012416.9295676,27.555,ECG_RAW,raw,4000,,,,,[ECG] raw=4000
1786012416.9315696,27.557,ECG_RAW,raw,3064,,,,,[ECG] raw=3064
1786012416.9325676,27.558,ECG_RAW,raw,2141,,,,,[ECG] raw=2141
1786012416.9369423,27.562,ECG_RAW,raw,3890,,,,,[ECG] raw=3890
1786012416.9379423,27.563,ECG_RAW,raw,3999,,,,,[ECG] raw=3999
1786012416.9389396,27.564,ECG_RAW,raw,4000,,,,,[ECG] raw=4000
1786012416.9399614,27.565,ECG_RAW,raw,2831,,,,,[ECG] raw=2831
1786012416.9664483,27.592,ECG_RAW,raw,360,,,,,[ECG] raw=360
1786012416.9674516,27.593,ECG_RAW,raw,2361,,,,,[ECG] raw=2361
1786012416.9724572,27.598,ECG_RAW,raw,3991,,,,,[ECG] raw=3991
1786012416.9754634,27.601,ECG_RAW,raw,3995,,,,,[ECG] raw=3995
1786012416.9796453,27.605,ECG_RAW,raw,2161,,,,,[ECG] raw=2161
1786012416.9816456,27.607,ECG_RAW,raw,165,,,,,[ECG] raw=165
1786012416.9969444,27.622,ECG_RAW,raw,1895,,,,,[ECG] raw=1895
1786012417.0196087,27.645,ECG_RAW,raw,3930,,,,,[ECG] raw=3930
1786012417.031615,27.657,ECG_RAW,raw,3991,,,,,[ECG] raw=3991
1786012417.031615,27.657,ECG_RAW,raw,2527,,,,,[ECG] raw=2527
1786012417.031615,27.657,ECG_RAW,raw,4,,,,,[ECG] raw=4
1786012417.0326166,27.658,ECG_RAW,raw,1270,,,,,[ECG] raw=1270
1786012417.0326166,27.658,ECG_RAW,raw,3704,,,,,[ECG] raw=3704
1786012417.0336232,27.659,ECG_RAW,raw,3984,,,,,[ECG] raw=3984
1786012417.0336232,27.659,ECG_RAW,raw,2449,,,,,[ECG] raw=2449
1786012417.0336232,27.659,ECG_RAW,raw,5,,,,,[ECG] raw=5
1786012417.6106632,28.236,ECG_DIAG,halves,16,total_samples,8500,overruns,0,[ECG] halves=16  total_samples=8500  overruns=0
1786012417.632974,28.258,PPG,RED,888,IR,745,samples,32,[PPG] samples=32  RED=888  IR=745  sensor=OK
1786012417.6339717,28.259,IMU_ACCEL,ax,-6940,ay,48,az,13444,[IMU] accel: ax=-6940  ay=48  az=13444
1786012417.6339717,28.259,IMU_GYRO,gx,-894,gy,-365,gz,-265,[IMU] gyro:  gx=-894  gy=-365  gz=-265
1786012422.2652445,32.890,ECG_RAW,raw,3,,,,,[ECG] raw=3
1786012481.3774786,92.003,ECG_DIAG,halves,0,total_samples,500,overruns,0,[ECG] halves=0  total_samples=500  overruns=0
1786012481.378486,92.004,PPG,RED,68717,IR,109155,samples,168,[PPG] samples=168  RED=68717  IR=109155  sensor=OK
1786012481.3824875,92.008,IMU_ACCEL,ax,-6104,ay,8,az,14160,[IMU] accel: ax=-6104  ay=8  az=14160
1786012481.3899512,92.015,IMU_GYRO,gx,35,gy,-22,gz,-114,[IMU] gyro:  gx=35  gy=-22  gz=-114
1786012481.4254577,92.051,ECG_RAW,raw,0,,,,,[ECG] raw=0
1786012481.4298222,92.055,ECG_RAW,raw,0,,,,,[ECG] raw=0
1786012481.4394073,92.065,ECG_RAW,raw,0,,,,,[ECG] raw=0
1786012481.4394073,92.065,ECG_RAW,raw,0,,,,,[ECG] raw=0
1786012481.4414022,92.067,ECG_RAW,raw,0,,,,,[ECG] raw=0
1786012481.466059,92.091,ECG_RAW,raw,0,,,,,[ECG] raw=0
1786012481.475553,92.101,ECG_RAW,raw,0,,,,,[ECG] raw=0
1786012481.4765565,92.102,ECG_RAW,raw,0,,,,,[ECG] raw=0
1786012481.4840045,92.109,ECG_RAW,raw,0,,,,,[ECG] raw=0
1786012481.507679,92.133,ECG_RAW,raw,0,,,,,[ECG] raw=0
1786012481.5200777,92.145,ECG_RAW,raw,0,,,,,[ECG] raw=0
1786012481.5240757,92.149,ECG_RAW,raw,0,,,,,[ECG] raw=0
1786012481.5260787,92.151,ECG_RAW,raw,0,,,,,[ECG] raw=0
1786012481.5338025,92.159,ECG_RAW,raw,0,,,,,[ECG] raw=0
1786012481.5561101,92.181,ECG_RAW,raw,0,,,,,[ECG] raw=0
1786012481.5561101,92.181,ECG_RAW,raw,0,,,,,[ECG] raw=0
1786012481.5731351,92.198,ECG_RAW,raw,0,,,,,[ECG] raw=0
1786012481.5964792,92.222,ECG_RAW,raw,0,,,,,[ECG] raw=0
1786012481.5985515,92.224,ECG_RAW,raw,0,,,,,[ECG] raw=0
1786012481.5985515,92.224,ECG_RAW,raw,0,,,,,[ECG] raw=0
1786012481.6100893,92.235,ECG_RAW,raw,0,,,,,[ECG] raw=0
1786012481.6131072,92.238,ECG_RAW,raw,0,,,,,[ECG] raw=0
1786012481.6478853,92.273,ECG_RAW,raw,0,,,,,[ECG] raw=0
1786012481.6478853,92.273,ECG_RAW,raw,0,,,,,[ECG] raw=0
1786012481.6592891,92.285,ECG_RAW,raw,0,,,,,[ECG] raw=0
1786012481.6592891,92.285,ECG_RAW,raw,0,,,,,[ECG] raw=0
1786012481.670951,92.296,ECG_RAW,raw,0,,,,,[ECG] raw=0
1786012481.672963,92.298,ECG_RAW,raw,0,,,,,[ECG] raw=0
1786012481.6844766,92.310,ECG_RAW,raw,0,,,,,[ECG] raw=0
1786012481.6985216,92.324,ECG_RAW,raw,0,,,,,[ECG] raw=0
1786012481.7129204,92.338,ECG_RAW,raw,0,,,,,[ECG] raw=0
1786012481.713924,92.339,ECG_RAW,raw,0,,,,,[ECG] raw=0
1786012481.7244523,92.350,ECG_RAW,raw,0,,,,,[ECG] raw=0
1786012481.7566054,92.382,ECG_RAW,raw,0,,,,,[ECG] raw=0
1786012481.7566054,92.382,ECG_RAW,raw,0,,,,,[ECG] raw=0
1786012481.763555,92.389,ECG_RAW,raw,0,,,,,[ECG] raw=0
1786012481.763555,92.389,ECG_RAW,raw,0,,,,,[ECG] raw=0
1786012481.7710001,92.396,ECG_RAW,raw,0,,,,,[ECG] raw=0
1786012481.7759943,92.401,ECG_RAW,raw,0,,,,,[ECG] raw=0
1786012481.7845383,92.410,ECG_RAW,raw,0,,,,,[ECG] raw=0
1786012481.788227,92.413,ECG_RAW,raw,0,,,,,[ECG] raw=0
1786012481.81148,92.437,ECG_RAW,raw,0,,,,,[ECG] raw=0
1786012481.8124828,92.438,ECG_RAW,raw,0,,,,,[ECG] raw=0
1786012481.8124828,92.438,ECG_RAW,raw,0,,,,,[ECG] raw=0
1786012481.8154743,92.441,ECG_RAW,raw,0,,,,,[ECG] raw=0
1786012481.8296475,92.455,ECG_RAW,raw,0,,,,,[ECG] raw=0
1786012481.832726,92.458,ECG_RAW,raw,0,,,,,[ECG] raw=0
1786012481.853966,92.479,ECG_RAW,raw,0,,,,,[ECG] raw=0
1786012481.853966,92.479,ECG_RAW,raw,0,,,,,[ECG] raw=0
1786012481.853966,92.479,ECG_RAW,raw,0,,,,,[ECG] raw=0
1786012481.85751,92.483,ECG_RAW,raw,0,,,,,[ECG] raw=0
1786012481.8585992,92.484,ECG_RAW,raw,0,,,,,[ECG] raw=0
1786012481.8676944,92.493,ECG_RAW,raw,0,,,,,[ECG] raw=0
1786012481.8947525,92.520,ECG_RAW,raw,0,,,,,[ECG] raw=0
1786012481.8958652,92.521,ECG_RAW,raw,0,,,,,[ECG] raw=0
1786012481.9001954,92.525,ECG_RAW,raw,0,,,,,[ECG] raw=0
1786012481.9060988,92.531,ECG_RAW,raw,0,,,,,[ECG] raw=0
1786012481.929481,92.555,ECG_RAW,raw,0,,,,,[ECG] raw=0
1786012481.929481,92.555,ECG_RAW,raw,0,,,,,[ECG] raw=0
1786012481.9364822,92.562,ECG_RAW,raw,0,,,,,[ECG] raw=0
1786012481.9691045,92.594,ECG_RAW,raw,0,,,,,[ECG] raw=0
1786012481.9751089,92.600,ECG_RAW,raw,0,,,,,[ECG] raw=0
1786012481.9761097,92.601,ECG_RAW,raw,0,,,,,[ECG] raw=0
1786012481.9774656,92.603,ECG_RAW,raw,0,,,,,[ECG] raw=0
1786012481.9868147,92.612,ECG_RAW,raw,0,,,,,[ECG] raw=0
1786012481.9958944,92.621,ECG_RAW,raw,0,,,,,[ECG] raw=0
1786012482.0220132,92.647,ECG_RAW,raw,0,,,,,[ECG] raw=0
1786012482.0220132,92.647,ECG_RAW,raw,0,,,,,[ECG] raw=0
1786012482.042082,92.667,ECG_RAW,raw,0,,,,,[ECG] raw=0
1786012482.0430558,92.668,ECG_RAW,raw,0,,,,,[ECG] raw=0
1786012482.0649302,92.690,ECG_RAW,raw,0,,,,,[ECG] raw=0
1786012482.0659332,92.691,ECG_RAW,raw,0,,,,,[ECG] raw=0
1786012482.0659332,92.691,ECG_RAW,raw,0,,,,,[ECG] raw=0
1786012482.0797322,92.705,ECG_RAW,raw,0,,,,,[ECG] raw=0
1786012482.1048472,92.730,ECG_RAW,raw,0,,,,,[ECG] raw=0
1786012482.1122193,92.737,ECG_RAW,raw,0,,,,,[ECG] raw=0
1786012482.1142201,92.739,ECG_RAW,raw,0,,,,,[ECG] raw=0
1786012482.1186278,92.744,ECG_RAW,raw,0,,,,,[ECG] raw=0
1786012482.1442468,92.769,ECG_RAW,raw,0,,,,,[ECG] raw=0
1786012482.1487396,92.774,ECG_RAW,raw,0,,,,,[ECG] raw=0
1786012482.1487396,92.774,ECG_RAW,raw,0,,,,,[ECG] raw=0
1786012482.1722338,92.797,ECG_RAW,raw,0,,,,,[ECG] raw=0
1786012482.1856272,92.811,ECG_RAW,raw,0,,,,,[ECG] raw=0
1786012482.1856272,92.811,ECG_RAW,raw,0,,,,,[ECG] raw=0
1786012482.1872609,92.812,ECG_RAW,raw,0,,,,,[ECG] raw=0
1786012482.1988893,92.824,ECG_RAW,raw,0,,,,,[ECG] raw=0
1786012482.2058916,92.831,ECG_RAW,raw,0,,,,,[ECG] raw=0
1786012482.2135365,92.839,ECG_RAW,raw,0,,,,,[ECG] raw=0
1786012482.237612,92.863,ECG_RAW,raw,0,,,,,[ECG] raw=0
1786012482.237612,92.863,ECG_RAW,raw,0,,,,,[ECG] raw=0
1786012482.2591002,92.884,ECG_RAW,raw,0,,,,,[ECG] raw=0
1786012482.2591002,92.884,ECG_RAW,raw,0,,,,,[ECG] raw=0
1786012482.2847245,92.910,ECG_RAW,raw,0,,,,,[ECG] raw=0
1786012482.2847245,92.910,ECG_RAW,raw,0,,,,,[ECG] raw=0
1786012482.2878716,92.913,ECG_RAW,raw,0,,,,,[ECG] raw=0
1786012482.2973151,92.923,ECG_RAW,raw,0,,,,,[ECG] raw=0
1786012482.3259625,92.951,ECG_RAW,raw,0,,,,,[ECG] raw=0
1786012482.3269637,92.952,ECG_RAW,raw,0,,,,,[ECG] raw=0
1786012482.3414567,92.967,ECG_RAW,raw,0,,,,,[ECG] raw=0
1786012482.363751,92.989,ECG_RAW,raw,0,,,,,[ECG] raw=0
1786012482.368279,92.994,ECG_RAW,raw,0,,,,,[ECG] raw=0
1786012482.3692777,92.995,ECG_RAW,raw,0,,,,,[ECG] raw=0
1786012482.3702772,92.996,ECG_RAW,raw,0,,,,,[ECG] raw=0
1786012482.374275,93.000,ECG_RAW,raw,0,,,,,[ECG] raw=0
1786012482.4318292,93.057,ECG_RAW,raw,0,,,,,[ECG] raw=0
1786012482.4384556,93.064,ECG_RAW,raw,0,,,,,[ECG] raw=0
1786012482.440458,93.066,ECG_RAW,raw,0,,,,,[ECG] raw=0
1786012482.44558,93.071,ECG_RAW,raw,0,,,,,[ECG] raw=0
1786012482.4491358,93.074,ECG_RAW,raw,0,,,,,[ECG] raw=0
1786012482.4491358,93.074,ECG_RAW,raw,0,,,,,[ECG] raw=0
1786012482.4507835,93.076,ECG_RAW,raw,0,,,,,[ECG] raw=0
1786012482.4507835,93.076,ECG_RAW,raw,0,,,,,[ECG] raw=0
1786012482.4524138,93.078,ECG_RAW,raw,0,,,,,[ECG] raw=0
1786012482.4573183,93.083,ECG_RAW,raw,0,,,,,[ECG] raw=0
1786012482.46365,93.089,ECG_RAW,raw,0,,,,,[ECG] raw=0
1786012482.4857523,93.111,ECG_RAW,raw,0,,,,,[ECG] raw=0
1786012482.4857523,93.111,ECG_RAW,raw,0,,,,,[ECG] raw=0
1786012482.48622,93.111,ECG_RAW,raw,0,,,,,[ECG] raw=0
1786012482.48622,93.111,ECG_RAW,raw,0,,,,,[ECG] raw=0
1786012482.4872937,93.113,ECG_RAW,raw,0,,,,,[ECG] raw=0
1786012482.5060818,93.131,ECG_RAW,raw,0,,,,,[ECG] raw=0
1786012482.528167,93.153,ECG_RAW,raw,0,,,,,[ECG] raw=0
1786012482.5311716,93.156,ECG_RAW,raw,0,,,,,[ECG] raw=0
1786012482.5387244,93.164,ECG_RAW,raw,0,,,,,[ECG] raw=0
1786012482.5417235,93.167,ECG_RAW,raw,0,,,,,[ECG] raw=0
1786012482.5437214,93.169,ECG_RAW,raw,0,,,,,[ECG] raw=0
1786012482.5490851,93.174,ECG_RAW,raw,0,,,,,[ECG] raw=0
1786012482.5706618,93.196,ECG_RAW,raw,0,,,,,[ECG] raw=0
1786012483.3993862,94.025,ECG_DIAG,halves,1,total_samples,1000,overruns,0,[ECG] halves=1  total_samples=1000  overruns=0
1786012483.435788,94.061,PPG,RED,72029,IR,110627,samples,359,[PPG] samples=359  RED=72029  IR=110627  sensor=OK
1786012483.4429574,94.068,IMU_ACCEL,ax,-5692,ay,1876,az,15024,[IMU] accel: ax=-5692  ay=1876  az=15024
1786012483.4439576,94.069,IMU_GYRO,gx,2387,gy,-167,gz,-1864,[IMU] gyro:  gx=2387  gy=-167  gz=-1864
1786012550.8528256,161.478,ECG_RAW,raw,2589,,,,,[ECG] raw=2589
1786012550.861127,161.486,ECG_RAW,raw,362,,,,,[ECG] raw=362
1786012550.8856993,161.511,ECG_RAW,raw,722,,,,,[ECG] raw=722
1786012550.890881,161.516,ECG_RAW,raw,3394,,,,,[ECG] raw=3394
1786012550.9010124,161.526,ECG_RAW,raw,3987,,,,,[ECG] raw=3987
1786012550.9029477,161.528,ECG_RAW,raw,2444,,,,,[ECG] raw=2444
1786012550.9039881,161.529,ECG_RAW,raw,290,,,,,[ECG] raw=290
1786012550.9167442,161.542,ECG_RAW,raw,70,,,,,[ECG] raw=70
1786012550.961646,161.587,ECG_RAW,raw,2835,,,,,[ECG] raw=2835
1786012550.9741662,161.599,ECG_RAW,raw,3968,,,,,[ECG] raw=3968
1786012550.975674,161.601,ECG_RAW,raw,2721,,,,,[ECG] raw=2721
1786012551.0158165,161.641,ECG_RAW,raw,632,,,,,[ECG] raw=632
1786012551.0345616,161.660,ECG_RAW,raw,4,,,,,[ECG] raw=4
1786012551.043052,161.668,ECG_RAW,raw,2441,,,,,[ECG] raw=2441
1786012551.04705,161.672,ECG_RAW,raw,3901,,,,,[ECG] raw=3901
1786012551.0520508,161.677,ECG_RAW,raw,3011,,,,,[ECG] raw=3011
1786012551.0540485,161.679,ECG_RAW,raw,727,,,,,[ECG] raw=727
1786012551.0540485,161.679,ECG_RAW,raw,4,,,,,[ECG] raw=4
1786012551.0550497,161.680,ECG_RAW,raw,2125,,,,,[ECG] raw=2125
1786012551.0550497,161.680,ECG_RAW,raw,3920,,,,,[ECG] raw=3920
1786012551.0560508,161.681,ECG_RAW,raw,3647,,,,,[ECG] raw=3647
1786012551.0560508,161.681,ECG_RAW,raw,1326,,,,,[ECG] raw=1326
1786012551.0560508,161.681,ECG_RAW,raw,4,,,,,[ECG] raw=4
1786012551.0570507,161.682,ECG_RAW,raw,1842,,,,,[ECG] raw=1842
1786012551.0570507,161.682,ECG_RAW,raw,3866,,,,,[ECG] raw=3866
1786012551.0580504,161.683,ECG_RAW,raw,3974,,,,,[ECG] raw=3974
1786012551.0580504,161.683,ECG_RAW,raw,2254,,,,,[ECG] raw=2254
1786012551.0590491,161.684,ECG_RAW,raw,6,,,,,[ECG] raw=6
1786012551.0590491,161.684,ECG_RAW,raw,744,,,,,[ECG] raw=744
1786012551.0590491,161.684,ECG_RAW,raw,3585,,,,,[ECG] raw=3585
1786012551.0600488,161.685,ECG_RAW,raw,3680,,,,,[ECG] raw=3680
1786012551.0600488,161.685,ECG_RAW,raw,1717,,,,,[ECG] raw=1717
1786012551.061056,161.686,ECG_RAW,raw,1,,,,,[ECG] raw=1
1786012551.061056,161.686,ECG_RAW,raw,975,,,,,[ECG] raw=975
1786012551.062055,161.687,ECG_RAW,raw,3464,,,,,[ECG] raw=3464
1786012551.062055,161.687,ECG_RAW,raw,3913,,,,,[ECG] raw=3913
1786012551.062055,161.687,ECG_RAW,raw,2200,,,,,[ECG] raw=2200
1786012551.062055,161.687,ECG_RAW,raw,362,,,,,[ECG] raw=362
1786012551.062055,161.687,ECG_RAW,raw,834,,,,,[ECG] raw=834
1786012551.063055,161.688,ECG_RAW,raw,3407,,,,,[ECG] raw=3407
1786012551.1097796,161.735,ECG_RAW,raw,3976,,,,,[ECG] raw=3976
1786012551.1107824,161.736,ECG_RAW,raw,2535,,,,,[ECG] raw=2535
1786012551.1107824,161.736,ECG_RAW,raw,284,,,,,[ECG] raw=284
1786012551.1107824,161.736,ECG_RAW,raw,186,,,,,[ECG] raw=186
1786012551.11178,161.737,ECG_RAW,raw,2813,,,,,[ECG] raw=2813
1786012551.11178,161.737,ECG_RAW,raw,3977,,,,,[ECG] raw=3977
1786012551.11278,161.738,ECG_RAW,raw,2756,,,,,[ECG] raw=2756
1786012551.11278,161.738,ECG_RAW,raw,562,,,,,[ECG] raw=562
1786012551.1362484,161.761,ECG_RAW,raw,76,,,,,[ECG] raw=76
1786012551.1362484,161.761,ECG_RAW,raw,2579,,,,,[ECG] raw=2579
1786012551.1598842,161.785,ECG_RAW,raw,3777,,,,,[ECG] raw=3777
1786012551.1620271,161.787,ECG_RAW,raw,3035,,,,,[ECG] raw=3035
1786012551.1629977,161.788,ECG_RAW,raw,671,,,,,[ECG] raw=671
1786012551.1629977,161.788,ECG_RAW,raw,4,,,,,[ECG] raw=4
1786012551.16599,161.791,ECG_RAW,raw,2189,,,,,[ECG] raw=2189
1786012551.1673388,161.793,ECG_RAW,raw,3802,,,,,[ECG] raw=3802
1786012551.1683457,161.794,ECG_RAW,raw,3039,,,,,[ECG] raw=3039
1786012551.19031,161.816,ECG_RAW,raw,1291,,,,,[ECG] raw=1291
1786012551.1992726,161.825,ECG_RAW,raw,38,,,,,[ECG] raw=38
1786012551.2053692,161.831,ECG_RAW,raw,1996,,,,,[ECG] raw=1996
1786012551.2063804,161.832,ECG_RAW,raw,3503,,,,,[ECG] raw=3503
1786012551.24145,161.867,ECG_RAW,raw,3338,,,,,[ECG] raw=3338
1786012551.2489164,161.874,ECG_RAW,raw,1693,,,,,[ECG] raw=1693
1786012551.254912,161.880,ECG_RAW,raw,555,,,,,[ECG] raw=555
1786012551.2582662,161.884,ECG_RAW,raw,928,,,,,[ECG] raw=928
1786012551.3072162,161.932,ECG_RAW,raw,3313,,,,,[ECG] raw=3313
1786012551.3072162,161.932,ECG_RAW,raw,3587,,,,,[ECG] raw=3587
1786012551.3082857,161.934,ECG_RAW,raw,1646,,,,,[ECG] raw=1646
1786012551.3082857,161.934,ECG_RAW,raw,244,,,,,[ECG] raw=244
1786012551.3082857,161.934,ECG_RAW,raw,1462,,,,,[ECG] raw=1462
1786012551.3092852,161.935,ECG_RAW,raw,3564,,,,,[ECG] raw=3564
1786012551.3186374,161.944,ECG_RAW,raw,3794,,,,,[ECG] raw=3794
1786012551.3206427,161.946,ECG_RAW,raw,2085,,,,,[ECG] raw=2085
1786012551.3342662,161.960,ECG_RAW,raw,918,,,,,[ECG] raw=918
1786012551.3398962,161.965,ECG_RAW,raw,1454,,,,,[ECG] raw=1454
1786012551.3398962,161.965,ECG_RAW,raw,3319,,,,,[ECG] raw=3319
1786012551.371166,161.996,ECG_RAW,raw,3967,,,,,[ECG] raw=3967
1786012551.3750868,162.000,ECG_RAW,raw,2325,,,,,[ECG] raw=2325
1786012551.3820078,162.007,ECG_RAW,raw,629,,,,,[ECG] raw=629
1786012551.3820078,162.007,ECG_RAW,raw,845,,,,,[ECG] raw=845
1786012551.3820078,162.007,ECG_RAW,raw,2829,,,,,[ECG] raw=2829
1786012551.3860073,162.011,ECG_RAW,raw,3693,,,,,[ECG] raw=3693
1786012551.3874953,162.013,ECG_RAW,raw,2335,,,,,[ECG] raw=2335
1786012551.3874953,162.013,ECG_RAW,raw,794,,,,,[ECG] raw=794
1786012551.3885,162.014,ECG_RAW,raw,660,,,,,[ECG] raw=660
1786012551.3895059,162.015,ECG_RAW,raw,2738,,,,,[ECG] raw=2738
1786012551.3895059,162.015,ECG_RAW,raw,3841,,,,,[ECG] raw=3841
1786012551.3895059,162.015,ECG_RAW,raw,2924,,,,,[ECG] raw=2924
1786012551.3895059,162.015,ECG_RAW,raw,940,,,,,[ECG] raw=940
1786012551.3895059,162.015,ECG_RAW,raw,425,,,,,[ECG] raw=425
1786012551.3895059,162.015,ECG_RAW,raw,2360,,,,,[ECG] raw=2360
1786012551.3905098,162.016,ECG_RAW,raw,3645,,,,,[ECG] raw=3645
1786012551.3905098,162.016,ECG_RAW,raw,3052,,,,,[ECG] raw=3052
1786012551.3905098,162.016,ECG_RAW,raw,1090,,,,,[ECG] raw=1090
1786012551.3905098,162.016,ECG_RAW,raw,336,,,,,[ECG] raw=336
1786012551.3905098,162.016,ECG_RAW,raw,2122,,,,,[ECG] raw=2122
1786012551.3905098,162.016,ECG_RAW,raw,3368,,,,,[ECG] raw=3368
1786012551.3905098,162.016,ECG_RAW,raw,2992,,,,,[ECG] raw=2992
1786012551.3915062,162.017,ECG_RAW,raw,1426,,,,,[ECG] raw=1426
1786012551.399504,162.025,ECG_RAW,raw,273,,,,,[ECG] raw=273
1786012551.4461503,162.071,ECG_RAW,raw,1893,,,,,[ECG] raw=1893
1786012551.4467366,162.072,ECG_RAW,raw,3802,,,,,[ECG] raw=3802
1786012551.4467366,162.072,ECG_RAW,raw,2285,,,,,[ECG] raw=2285
1786012551.447792,162.073,ECG_RAW,raw,1629,,,,,[ECG] raw=1629
1786012551.447792,162.073,ECG_RAW,raw,398,,,,,[ECG] raw=398
1786012551.447792,162.073,ECG_RAW,raw,1542,,,,,[ECG] raw=1542
1786012551.447792,162.073,ECG_RAW,raw,3195,,,,,[ECG] raw=3195
1786012551.4487453,162.074,ECG_RAW,raw,3580,,,,,[ECG] raw=3580
1786012551.449797,162.075,ECG_RAW,raw,2056,,,,,[ECG] raw=2056
1786012551.4807096,162.106,ECG_RAW,raw,538,,,,,[ECG] raw=538
1786012551.481696,162.107,ECG_RAW,raw,1371,,,,,[ECG] raw=1371
1786012551.5219603,162.147,ECG_RAW,raw,3362,,,,,[ECG] raw=3362
1786012551.5249674,162.150,ECG_RAW,raw,3760,,,,,[ECG] raw=3760
1786012551.5259604,162.151,ECG_RAW,raw,2396,,,,,[ECG] raw=2396
1786012551.528115,162.153,ECG_RAW,raw,822,,,,,[ECG] raw=822
1786012551.529115,162.154,ECG_RAW,raw,945,,,,,[ECG] raw=945
1786012551.533115,162.158,ECG_RAW,raw,2914,,,,,[ECG] raw=2914
1786012551.5546377,162.180,ECG_RAW,raw,3507,,,,,[ECG] raw=3507
1786012551.5642169,162.189,ECG_RAW,raw,2281,,,,,[ECG] raw=2281
1786012551.6035006,162.229,ECG_RAW,raw,850,,,,,[ECG] raw=850
1786012551.6185453,162.244,ECG_RAW,raw,750,,,,,[ECG] raw=750
1786012551.6302595,162.255,ECG_RAW,raw,2808,,,,,[ECG] raw=2808
1786012551.6332633,162.258,ECG_RAW,raw,3966,,,,,[ECG] raw=3966
1786012551.7195458,162.345,ECG_RAW,raw,3268,,,,,[ECG] raw=3268
1786012551.7195458,162.345,ECG_RAW,raw,1189,,,,,[ECG] raw=1189
1786012551.724414,162.350,ECG_RAW,raw,156,,,,,[ECG] raw=156
1786012551.743445,162.369,ECG_RAW,raw,2065,,,,,[ECG] raw=2065
1786012551.7454443,162.371,ECG_RAW,raw,3761,,,,,[ECG] raw=3761
1786012551.7464442,162.372,ECG_RAW,raw,3532,,,,,[ECG] raw=3532
1786012551.7782772,162.404,ECG_RAW,raw,1652,,,,,[ECG] raw=1652
1786012551.7862854,162.412,ECG_RAW,raw,3,,,,,[ECG] raw=3
1786012551.7935085,162.419,ECG_RAW,raw,1642,,,,,[ECG] raw=1642
1786012551.7997758,162.425,ECG_RAW,raw,3591,,,,,[ECG] raw=3591
1786012551.8007758,162.426,ECG_RAW,raw,3567,,,,,[ECG] raw=3567
1786012551.8017757,162.427,ECG_RAW,raw,2360,,,,,[ECG] raw=2360
1786012551.8027754,162.428,ECG_RAW,raw,295,,,,,[ECG] raw=295
1786012551.8040335,162.429,ECG_RAW,raw,411,,,,,[ECG] raw=411
1786012551.8040335,162.429,ECG_RAW,raw,2910,,,,,[ECG] raw=2910
1786012551.8040335,162.429,ECG_RAW,raw,3166,,,,,[ECG] raw=3166
1786012551.8040335,162.429,ECG_RAW,raw,1512,,,,,[ECG] raw=1512
1786012551.8050518,162.430,ECG_RAW,raw,240,,,,,[ECG] raw=240
1786012551.8050518,162.430,ECG_RAW,raw,1133,,,,,[ECG] raw=1133
1786012551.8050518,162.430,ECG_RAW,raw,3032,,,,,[ECG] raw=3032
1786012551.8050518,162.430,ECG_RAW,raw,3435,,,,,[ECG] raw=3435
1786012551.8050518,162.430,ECG_RAW,raw,1886,,,,,[ECG] raw=1886
1786012551.8060532,162.431,ECG_RAW,raw,436,,,,,[ECG] raw=436
1786012551.8060532,162.431,ECG_RAW,raw,1146,,,,,[ECG] raw=1146
1786012551.8060532,162.431,ECG_RAW,raw,3115,,,,,[ECG] raw=3115
1786012551.8060532,162.431,ECG_RAW,raw,3716,,,,,[ECG] raw=3716
1786012551.8060532,162.431,ECG_RAW,raw,2116,,,,,[ECG] raw=2116
1786012551.8060532,162.431,ECG_RAW,raw,416,,,,,[ECG] raw=416
1786012551.8072987,162.433,ECG_RAW,raw,510,,,,,[ECG] raw=510
1786012551.8072987,162.433,ECG_RAW,raw,2613,,,,,[ECG] raw=2613
1786012551.8072987,162.433,ECG_RAW,raw,3456,,,,,[ECG] raw=3456
1786012551.8072987,162.433,ECG_RAW,raw,2400,,,,,[ECG] raw=2400
1786012551.8072987,162.433,ECG_RAW,raw,619,,,,,[ECG] raw=619
1786012551.8072987,162.433,ECG_RAW,raw,431,,,,,[ECG] raw=431
1786012551.808295,162.434,ECG_RAW,raw,2493,,,,,[ECG] raw=2493
1786012551.808295,162.434,ECG_RAW,raw,3574,,,,,[ECG] raw=3574
1786012551.808295,162.434,ECG_RAW,raw,2611,,,,,[ECG] raw=2611
1786012551.808295,162.434,ECG_RAW,raw,789,,,,,[ECG] raw=789
1786012551.808295,162.434,ECG_RAW,raw,418,,,,,[ECG] raw=418
1786012551.808295,162.434,ECG_RAW,raw,2251,,,,,[ECG] raw=2251
1786012551.8092859,162.435,ECG_RAW,raw,3499,,,,,[ECG] raw=3499
1786012551.8092859,162.435,ECG_RAW,raw,2799,,,,,[ECG] raw=2799
1786012551.8092859,162.435,ECG_RAW,raw,1007,,,,,[ECG] raw=1007
1786012551.8092859,162.435,ECG_RAW,raw,428,,,,,[ECG] raw=428
1786012551.8092859,162.435,ECG_RAW,raw,2069,,,,,[ECG] raw=2069
1786012551.8102844,162.436,ECG_RAW,raw,3398,,,,,[ECG] raw=3398
1786012551.8102844,162.436,ECG_RAW,raw,3189,,,,,[ECG] raw=3189
1786012551.8102844,162.436,ECG_RAW,raw,1540,,,,,[ECG] raw=1540
1786012551.8102844,162.436,ECG_RAW,raw,540,,,,,[ECG] raw=540
1786012551.8102844,162.436,ECG_RAW,raw,2425,,,,,[ECG] raw=2425
1786012551.8102844,162.436,ECG_RAW,raw,2836,,,,,[ECG] raw=2836
1786012551.8132918,162.439,ECG_RAW,raw,3050,,,,,[ECG] raw=3050
1786012551.854328,162.480,ECG_RAW,raw,1809,,,,,[ECG] raw=1809
1786012551.854328,162.480,ECG_RAW,raw,456,,,,,[ECG] raw=456
1786012551.8553314,162.481,ECG_RAW,raw,1445,,,,,[ECG] raw=1445
1786012551.8553314,162.481,ECG_RAW,raw,3470,,,,,[ECG] raw=3470
1786012551.856328,162.482,ECG_RAW,raw,3835,,,,,[ECG] raw=3835
1786012551.856328,162.482,ECG_RAW,raw,2039,,,,,[ECG] raw=2039
1786012551.856328,162.482,ECG_RAW,raw,623,,,,,[ECG] raw=623
1786012551.8888328,162.514,ECG_RAW,raw,1297,,,,,[ECG] raw=1297
1786012551.9351323,162.560,ECG_RAW,raw,3487,,,,,[ECG] raw=3487
1786012551.9391332,162.564,ECG_RAW,raw,3952,,,,,[ECG] raw=3952
1786012551.9432092,162.568,ECG_RAW,raw,2474,,,,,[ECG] raw=2474
1786012551.9452095,162.570,ECG_RAW,raw,705,,,,,[ECG] raw=705
1786012551.9642246,162.589,ECG_RAW,raw,864,,,,,[ECG] raw=864
1786012551.980986,162.606,ECG_RAW,raw,2709,,,,,[ECG] raw=2709
1786012552.0453694,162.671,ECG_RAW,raw,3475,,,,,[ECG] raw=3475
1786012552.0513694,162.677,ECG_RAW,raw,2176,,,,,[ECG] raw=2176
1786012552.0603163,162.686,ECG_RAW,raw,551,,,,,[ECG] raw=551
1786012552.0615902,162.687,ECG_RAW,raw,409,,,,,[ECG] raw=409
1786012552.1001375,162.725,ECG_RAW,raw,2578,,,,,[ECG] raw=2578
1786012552.1125765,162.738,ECG_RAW,raw,3617,,,,,[ECG] raw=3617
1786012552.1217818,162.747,ECG_RAW,raw,2599,,,,,[ECG] raw=2599
1786012552.1247802,162.750,ECG_RAW,raw,532,,,,,[ECG] raw=532
1786012552.1359808,162.761,ECG_RAW,raw,502,,,,,[ECG] raw=502
1786012552.168097,162.793,ECG_RAW,raw,2271,,,,,[ECG] raw=2271
1786012552.1747866,162.800,ECG_RAW,raw,3320,,,,,[ECG] raw=3320
1786012552.17845,162.804,ECG_RAW,raw,3026,,,,,[ECG] raw=3026
1786012552.181447,162.807,ECG_RAW,raw,875,,,,,[ECG] raw=875
1786012552.181447,162.807,ECG_RAW,raw,428,,,,,[ECG] raw=428
1786012552.1824496,162.808,ECG_RAW,raw,2069,,,,,[ECG] raw=2069
1786012552.1831355,162.808,ECG_RAW,raw,3671,,,,,[ECG] raw=3671
1786012552.1842096,162.809,ECG_RAW,raw,2958,,,,,[ECG] raw=2958
1786012552.1842096,162.809,ECG_RAW,raw,1171,,,,,[ECG] raw=1171
1786012552.1842096,162.809,ECG_RAW,raw,272,,,,,[ECG] raw=272
1786012552.18519,162.810,ECG_RAW,raw,1905,,,,,[ECG] raw=1905
1786012552.18519,162.810,ECG_RAW,raw,3924,,,,,[ECG] raw=3924
1786012552.18519,162.810,ECG_RAW,raw,2551,,,,,[ECG] raw=2551
1786012552.18519,162.810,ECG_RAW,raw,1082,,,,,[ECG] raw=1082
1786012552.18519,162.810,ECG_RAW,raw,453,,,,,[ECG] raw=453
1786012552.18519,162.810,ECG_RAW,raw,1674,,,,,[ECG] raw=1674
1786012552.18519,162.810,ECG_RAW,raw,3465,,,,,[ECG] raw=3465
1786012552.186212,162.811,ECG_RAW,raw,3346,,,,,[ECG] raw=3346
1786012552.186212,162.811,ECG_RAW,raw,1979,,,,,[ECG] raw=1979
1786012552.1865642,162.812,ECG_RAW,raw,440,,,,,[ECG] raw=440
1786012552.1865642,162.812,ECG_RAW,raw,1424,,,,,[ECG] raw=1424
1786012552.1865642,162.812,ECG_RAW,raw,3582,,,,,[ECG] raw=3582
1786012552.1865642,162.812,ECG_RAW,raw,3912,,,,,[ECG] raw=3912
1786012552.1865642,162.812,ECG_RAW,raw,2228,,,,,[ECG] raw=2228
1786012552.1865642,162.812,ECG_RAW,raw,713,,,,,[ECG] raw=713
1786012552.1876318,162.813,ECG_RAW,raw,1129,,,,,[ECG] raw=1129
1786012552.1876318,162.813,ECG_RAW,raw,3118,,,,,[ECG] raw=3118
1786012552.1876318,162.813,ECG_RAW,raw,3842,,,,,[ECG] raw=3842
1786012552.1876318,162.813,ECG_RAW,raw,2139,,,,,[ECG] raw=2139
1786012552.1876318,162.813,ECG_RAW,raw,499,,,,,[ECG] raw=499
1786012552.1876318,162.813,ECG_RAW,raw,729,,,,,[ECG] raw=729
1786012552.1876318,162.813,ECG_RAW,raw,2750,,,,,[ECG] raw=2750
1786012552.1886246,162.814,ECG_RAW,raw,3628,,,,,[ECG] raw=3628
1786012552.1886246,162.814,ECG_RAW,raw,2415,,,,,[ECG] raw=2415
1786012552.1886246,162.814,ECG_RAW,raw,376,,,,,[ECG] raw=376
1786012552.1886246,162.814,ECG_RAW,raw,754,,,,,[ECG] raw=754
1786012552.1886246,162.814,ECG_RAW,raw,2667,,,,,[ECG] raw=2667
1786012552.1886246,162.814,ECG_RAW,raw,3373,,,,,[ECG] raw=3373
1786012552.1896298,162.815,ECG_RAW,raw,2533,,,,,[ECG] raw=2533
1786012552.1896298,162.815,ECG_RAW,raw,904,,,,,[ECG] raw=904
1786012552.1896298,162.815,ECG_RAW,raw,514,,,,,[ECG] raw=514
1786012552.1906304,162.816,ECG_DIAG,halves,4,total_samples,1501,overruns,0,[ECG] halves=4  total_samples=1501  overruns=0
1786012552.1906304,162.816,PPG,RED,13347,IR,15243,samples,424,[PPG] samples=424  RED=13347  IR=15243  sensor=OK
1786012552.1936448,162.819,IMU_ACCEL,ax,-4180,ay,-2260,az,14528,[IMU] accel: ax=-4180  ay=-2260  az=14528
1786012552.238875,162.864,IMU_GYRO,gx,-66,gy,16,gz,-125,[IMU] gyro:  gx=-66  gy=16  gz=-125
1786012552.2398539,162.865,ECG_RAW,raw,2513,,,,,[ECG] raw=2513
1786012552.2398539,162.865,ECG_RAW,raw,3617,,,,,[ECG] raw=3617
1786012552.2398539,162.865,ECG_RAW,raw,2790,,,,,[ECG] raw=2790
1786012552.2398539,162.865,ECG_RAW,raw,1132,,,,,[ECG] raw=1132
1786012552.2398539,162.865,ECG_RAW,raw,533,,,,,[ECG] raw=533
1786012552.24085,162.866,ECG_RAW,raw,2311,,,,,[ECG] raw=2311
1786012552.24085,162.866,ECG_RAW,raw,3523,,,,,[ECG] raw=3523
1786012552.24085,162.866,ECG_RAW,raw,1353,,,,,[ECG] raw=1353
1786012552.24085,162.866,ECG_RAW,raw,11,,,,,[ECG] raw=11
1786012552.261986,162.887,ECG_RAW,raw,3,,,,,[ECG] raw=3
1786012552.261986,162.887,ECG_RAW,raw,1627,,,,,[ECG] raw=1627
1786012552.263658,162.889,ECG_RAW,raw,3800,,,,,[ECG] raw=3800
